title,author
Two-stage Robust Network Design with Exponential Scenarios.,Arvind Ramanathan
Enhanced IPCGAN-Alexnet model for new face image generating on age target.,Anita Schöbel
A workflow management system to feed digital libraries: proposal and case study.,Keecheon Kim
Nonrigid medical image registration with locally linear reconstruction.,Amir Bozorgzadeh
Local β compactness as fuzzy predicates defined in Łukasiewicz logic.,John T. Fredricksen
Weblogging: A study of social computing and its impact on organizations.,Kwok-Kai Soo
Smart Edge Caching-Aided Partial Opportunistic Interference Alignment in HetNets.,Chia-Lung Yeh
A WWW Information Seeking Process Model.,Hen-Wai Tsao
XV. Jean Paul (1763-1825).,Roy Edgar Hansen
Low-latency service function chain migration in edge-core networks based on open Jackson networks.,David Dagan Feng
Szeged index of TUC,Qiqi Wang
An Approach to Identify Optic Disc in Human Retinal Images Using Ant Colony Optimization Method.,Arturo Molina 0001
Facial asymmetry-based feature extraction for different applications: a review complemented by new advances.,Andrzej Omieljanowicz
Topic-based label distribution learning to exploit label ambiguity for scene classification.,Diogo Poças
"One-Tape, Off-Line Turing Machine Computations",André Raspaud
Computational performance of basic state reduction based dynamic programming algorithms for bi-objective 0-1 knapsack problems.,John T. Fredricksen
Professional networking with emailing groups: A case of Pakistan Library Automation Group.,Naohisa Komatsu
Leverage Point Identification Method for LAV-Based State Estimation.,Lukasz Maksymiuk
Singular value decomposition of time-varying matrices.,Lukasz Maksymiuk
Functional proteomic pattern identification under low dose ionizing radiation.,Norman F. Schneidewind
Developing Infographics to Facilitate HIV-Related Patient-Provider Communication in a Limited-Resource Setting.,C. G. Parthipan
An Energy-Efficient Train Control Framework for Smart Railway Transportation.,Akira Suzuki
eHR Cloud Transformation: Implementation Approach and Success Factors.,Hai-Wei Sun
FCC's Broadband Quartet: A State-Federal Fugue or Feud?,Wirt Atmar
Transmission-Efficient Clustering Method for Wireless Sensor Networks Using Compressive Sensing.,Hidehisa Yoshida
The Effects of Network Externality and Flow Experience on Mobile SNS Continuance.,Roy Edgar Hansen
Rational Points of Some Elliptic Curves Related to the Tilings of the Equilateral Triangle.,Lianjun Xiao
PRALINE,Mazen O. Hasna
Editorial.,Keecheon Kim
Reliable Estimation for Health Index of Transformer Oil Based on Novel Combined Predictive Maintenance Techniques.,Arthur J. Davidson
A knowledge based decision support system for computer performance management.,Bettina Klaus
Convergence of the Least Squares Shadowing Method for Computing Derivative of Ergodic Averages.,Anita Schöbel
An interval statistical procedure for use in validation of simulation models.,Jiang Ma
Research and Implementation of Mobile Internet Management Optimization and Intelligent Information System Based on Smart Decision.,Jiang Ma
On Row-Cyclic Codes with Algebraic Structure.,Alper Korkmaz
INDIGO: Better Geomagnetic Observatories Where We Need Them.,Dok Nam Lee
Two-dimensional dot codes for product identification.,Ahmed M. Mohamed
Lagrangian Duality for Robust Problems with Decomposable Functions: The Case of a Robust Inventory Problem.,Adriano Meta
Design and Implementation of Web Services Middleware to Support Fair Non-Repudiable Interactions.,Astrid Tannert
The role and problems of legal culture in the social security of the population of the Republic of Kazakhstan.,Jiang Ma
Consistency degrees of theories in some systems of propositional fuzzy logic.,Heike Siebert
Explorations into Virtual Architecture: A HIT Lab Gallery.,Qiqi Wang
Investigating voice in action teams: a critical review.,Guangyuan Pan
Higher-order correlations in non-stationary parallel spike trains: statistical modeling and inference.,Chi-Sang Jung
Survey of security services on group communications.,Andrzej Omieljanowicz
Deterministic Extractors for Bit-Fixing Sources and Exposure-Resilient Cryptography.,E. Lerzan Örmeci
Cognitive strategies observed during problem solving with LOGO.,Hen-Wai Tsao
Beat Tracking for Multiple Applications: A Multi-Agent System Architecture With State Recovery.,Andrew J. Hinchley
Detection of Structural Changes in Tachogram Series for the Diagnosis of Atrial Fibrillation Events.,N. C. Simpson
H,E. A. Mary Anita
SPECIAL ISSUE: 2017 International Conference on Applications and Techniques in Cyber Intelligence (ATCI 2017).,Cynthia Jane Solomon
Spectral Embedded Deep Clustering.,Qiqi Wang
Faster Similarity Search for Multimedia Data Via Query Transformations.,Andrew J. Hinchley
INTRODUCTION. Systèmes d'organisation des connaissances hétérogènes pour les applications documentaires.,Chih-Yuan Yao
Extending and interpreting Post's programme.,C. G. Parthipan
Architectures reconfigurable et faible consommation. Réalité ou prospective ?,Jan Camenisch
Engagement in the course of programming in higher education through the use of gamification.,Arun Mittal
Improving the prediction performance of customer behavior through multiple imputation.,M. I. Cohen
Determinants of IS Planning Comprehensiveness.,Lianjun Xiao
Robust and Unobtrusive Display-to-Camera Communications via Blue Channel Embedding.,Moulay A. Barkatou
A Bidirectional Differential Cascode Voltage Switch DC-DC Buck-Boost Converter for Low Voltage Application.,Oliver Marschollek
Uncertain Currency Model and Currency Option Pricing.,Jiang Ma
Analysis of an adaptive Uzawa finite element method for the nonlinear Stokes problem.,Björn Berghausen
Optimal power allocation for relayed transmissions over Rayleigh-fading channels.,Kwok-Kai Soo
Evaluation of Dynamic Channel and Power Assignment for Cognitive Networks.,Jan Camenisch
Correlation Coefficients for a Study with Repeated Measures.,Hady Pranoto
R & D indicators and socio-economic cohesion.,Adel El-Faraskoury
Mechanisms of ventricular arrhythmias elicited by coexistence of multiple electrophysiological remodeling in ischemia: A simulation study.,Laurent Chupin
Bilateral vs. Paretic-Limb-Only Ankle Exoskeleton Assistance for Improving Hemiparetic Gait: A Case Series.,Mazen O. Hasna
Lightweight Secure Message Delivery for E2E S2S Communication in the IoT-Cloud System.,Wirt Atmar
RIO configuration optimization for assured service in diffserv networks.,Björn Berghausen
Perceptual non-intrusive speech quality assessment using a self-organizing map.,K. R. Ramakrishnan
Compilation des contraintes booléennes n-aires pour le traitement des CSP dynamiques.,Ahmed M. Mohamed
Knightian decision theory and econometric inferences.,Bita Alipasandi
When RSSI encounters deep learning: An area localization scheme for pervasive sensing systems.,Erik Meineche Schmidt
Hitori Numbers.,Chih-Yuan Yao
FAC: A Functional APL Language.,Lianjun Xiao
Heavy-tails in Kalman filtering with packet losses.,K. R. Ramakrishnan
Model predictive sliding mode control of six-phase induction motor using nine-switch converter.,Adriano Meta
Towards context aware tracking: a flatness based automotive oriented scheme with elastic execution time and sheaf determination.,Arturo Molina 0001
Prometheus or Pandora: The Influence of Automation on Society.,Huijun Wu
GCLR: GNN-Based Cross Layer Optimization for Multipath TCP by Routing.,Daniela Guaiana
Development of artificial neural network for condition assessment of bridges based on hybrid decision making method - Feasibility study.,Karl-Heinz Best
Forgery localization in images based on joint statistics of image blocks with neighbouring blocks.,Dan Suciu
A biochemical multi-species quality model of a drinking water distribution system for simulation and design.,Lianjun Xiao
Compressed Decision Problems for Graph Products and Applications to (outer) Automorphism Groups.,Danni Zhu
On the Divergence and the Joshi Dependence Measure in Feature Selection.,Jiang Ma
Early Flame Detection in Video Sequences based on D-S Evidence Theory.,Babak Farzad
The role of low-frequency oscillations in three-dimensional perception with depth cues in virtual reality.,Jiang Ma
Defense Strategy Against Load Redistribution Attacks on Power Systems Considering Insider Threats.,Akira Suzuki
Demand-oblivious routing with planned link pruning.,K. R. Ramakrishnan
Environmental social governance management: a theoretical perspective for the role of disclosure in the supply chain.,Constant Solimando
Robotic sound-source localisation architecture using cross-correlation and recurrent neural networks.,André Raspaud
"MOLAR: A Cost-Efficient, High-Performance SSD-Based Hybrid Storage Cache.",Dan Suciu
A nonlinear state estimation framework for humanoid robots.,K. R. Ramakrishnan
Trade-offs between drug toxicity and benefit in the multi-antibiotic resistance system underlie optimal growth of E. coli.,Arvind Ramanathan
Wideband Interferometry in Synthetic Aperture Sonar.,Diogo Poças
Substitutive Systems and a Finitary Version of Cobham's Theorem.,Chi-Sang Jung
Service-Oriented Atmospheric Radiances (SOAR): Gridding and Analysis Services for Multisensor Aqua IR Radiance Data for Climate Studies.,Fabio Nobile
A statistical feature data mining framework for constructing scholars' career trajectories in academic data.,Le Deng
Comment on the Public Key Substitution Attacks.,Huijun Wu
Optimization driven multi-hop network design and experimentation: the approach of the FP7 project OPNEX.,Erik Meineche Schmidt
Fundamentals of Implementing Real-Time Control Applications in Distributed Computer Systems.,Hady Pranoto
Exponential stability and solution bounds for systems with bounded nonlinearities.,M. I. Cohen
Dual-Input Transformer: An End-to-End Model for Preoperative Assessment of Pathological Complete Response to Neoadjuvant Chemotherapy in Breast Cancer Ultrasonography.,Amaro de Sousa
A new rough cloud AHP method for risk evaluation of public-private partnership projects.,Naohisa Komatsu
Adaptive Sliding Mode Based Stabilization Control for the Class of Underactuated Mechanical Systems.,André Raspaud
CAHR: A Contextually Adaptive Home-Based Rehabilitation Framework.,Aku Riihelä
Optimal control of the behavior of solutions of an initial boundary value problem simulating rotation of a solid with an elastic rod.,Adel El-Faraskoury
Parallelizing a finite element solver in computational hemodynamics.,Daniel Troy
DA-DRLS: Drift adaptive deep reinforcement learning based scheduling for IoT resource management.,Jiaqi Zhang 0001
Lattice pseudoeffect algebras as double residuated structures.,Gabriel M. Silberman
A tandem queueing model with coupled processors.,Keecheon Kim
Geoinformatics education in China.,Alper Korkmaz
Review Paper: Roundtable on Bioterrorism Detection: Information System-based Surveillance.,Anton Schiela
An efficient and scalable approach for mining subgraphs in a single large graph.,Arthur J. Davidson
The Changing Library Environment.,Daniel Cullina
Design Optimization of Redundantly Actuated Cable-Driven Parallel Robots for Automated Warehouse System.,Hen-Wai Tsao
Spinal alignment measurement in standing position using stereo-view roentgenography without positional calibration.,Constant Solimando
A survey of techniques for architecting SLC/MLC/TLC hybrid Flash memory-based SSDs.,Huijun Wu
IO and OI. II.,Aku Riihelä
A clarification of confirmatory composite analysis (CCA).,Le Deng
Computationally efficient optimization models for preliminary distillation column design and separation energy targeting.,David Perry
Construction of Large Sets of Pairwise Disjoint Transitive Triple Systems.,Babak Farzad
"Words, Videos, and Popes.",Adel El-Faraskoury
Solving Some Affine Equations over Finite Fields.,Dok Nam Lee
Editorial: State of the Journal.,Daniel Troy
Research on Cluster Economy Operation Model Considering Customer Satisfaction.,Hen-Wai Tsao
"Predictive big data analytics for supply chain demand forecasting: methods, applications, and research opportunities.",Erik Meineche Schmidt
Homogeneous Spiking Neural P Systems.,Arun Mittal
Spectral Variability Augmented Two-Stream Network for Hyperspectral Sparse Unmixing.,Renbiao Wu
"Erratum to ""Finite-Time Asynchronous Stabilization for Nonlinear Hidden Markov Jump Systems with Parameter Varying in Continuous-Time Case"".",Hai-Wei Sun
Combining multi-target regression deep neural networks and kinetic modeling to predict relative fluxes in reaction systems.,Chih-Yuan Yao
Generalized Sphere-Packing Bounds on the Size of Codes for Combinatorial Channels.,Huiqin Xie
TOPS Imaging With TerraSAR-X: Mode Design and Performance Analysis.,John T. Fredricksen
Building a Technology Recommender System Using Web Crawling and Natural Language Processing Technology.,Anton Schiela
Q-Learning Based Physical-Layer Secure Game Against Multiagent Attacks.,Theodosios Pavlidis
GMM-Based KLT-Domain Switched-Split Vector Quantization for LSF Coding.,Daniel Troy
Factors affecting primary health care centers' economic and production efficiency.,M. I. Cohen
TEANS: A Target Enhancement and Attenuated Nonmaximum Suppression Object Detector for Remote Sensing Images.,M. I. Cohen
A Generative Framework for Image-based Editing of Material Appearance using Perceptual Attributes.,Naohisa Komatsu
Modification and Validation of the DREIDING Force Field for Molecular Liquid Simulations (DREIDING-UT).,David Dagan Feng
Tensor-Based AAM with Continuous Variation Estimation: Application to Variation-Robust Face Recognition.,Fabio Nobile
ISAR Imaging of Rotating Target with Equal Changing Acceleration Based on the Cubic Phase Function.,Aida Pliuskeviciene
Construction of regular languages and recognizability of polynomials.,Alper Korkmaz
Preface.,Hen-Wai Tsao
Mobile spoken dialogue system using parser dependencies and ontology.,Anita Schöbel
All-Optical Cochlear Implants.,Alper Korkmaz
Hyper-Atoms Applied to the Critical Pair Theory.,Theodosios Pavlidis
A Novelty Approach to Retina Diagnosing Using Biometric Techniques With SVM and Clustering Algorithms.,Karl-Heinz Best
Structuring and modules for knowledge bases: motivation for a new model.,Anna Maria Paganoni
A Macroscopic Traffic Data-Assimilation Framework Based on the Fourier-Galerkin Method and Minimax Estimation.,Hermano Frid
Positive sum Operations on Ordinals and Normal Filters on Greatly Mahlo Cardinals.,Renbiao Wu
Beyond the Impact Factor: measuring the international visibility of Romanian social sciences journals.,Jiaqi Zhang 0001
A High Precision Direction-Finding Method Based on Multi-Baseline for Target Rescue.,David T. Wong
Test Power Reduction Using Integrated Scan Cell and Test Vector Reordering Techniques on Linear Scan and Double Tree Scan Architectures.,Renbiao Wu
Dominating sets in triangulations on surfaces.,Andrew J. Hinchley
An integrated risk measurement and optimization model for trustworthy software process management.,Ming Zhang
Personal informatics systems for supporting self-regulation in online learning environments.,Chaojiang Wu
Formal Lagrangian Operad.,Lianjun Xiao
A new algorithm to estimate monotone nonparametric link functions and a comparison with parametric approach.,Adel El-Faraskoury
On Kalman filtering over fading wireless channels with controlled transmission powers.,Andrew J. Hinchley
Capacity- and Bayesian-Based Cognitive Sensing with Location Side Information.,Di Li 0003
On the Black-Box Complexity of Sperner's Lemma.,Theodore Hailperin
A hybrid genetic-particle swarm algorithm based on multilevel neighbourhood structure for flexible job shop scheduling problem.,Hady Pranoto
Sparse and Dense Linear Algebra for Machine Learning on Parallel-RDBMS Using SQL.,Amaro de Sousa
An evaluation of alert services: quantity versus quality.,John T. Fredricksen
Clustering bivariate mixed-type data via the cluster-weighted model.,Chaojiang Wu
Book Review of Silicon Second Nature: Culturing Artifical Life in a Digital World by Stefan Helmreich.,Amir Bozorgzadeh
Black-box attacks against log anomaly detection with adversarial examples.,Arun Mittal
Algebraic and combinatorial results for ranking competitors in a sequence of races.,Chia-Lung Yeh
A new hierarchical architecture for Air Traffic Management: Optimisation of airway capacity in a Free Flight scenario.,Jiang Ma
A central limit theorem for normalized products of random matrices.,Le Deng
On evolutionary computing in multi-ship trajectory planning.,Roy Edgar Hansen
"Gateways, architectures, and heffalumps.",Amir Bozorgzadeh
Admission control with physical rate measurement for IEEE 802.11e controlled channel access.,Huiqin Xie
Numerical simulation of stochastic gene circuits.,Karl-Heinz Best
The significance of microprogramming.,Qiqi Wang
An Accelerated Finite-Time Convergent Neural Network for Visual Servoing of a Flexible Surgical Endoscope With Physical and RCM Constraints.,Theodosios Pavlidis
Internetalization of End-Users.,David T. Wong
A new data hiding approach for image steganography based on visual color sensitivity.,Fabian Rothmaier
(3+1)-dimensional dissipative relativistic fluid dynamics at non-zero net baryon density.,Theodore Hailperin
Using graph partitioning to discover regions of correlated spatio-temporal change in evolving graphs.,E. Lerzan Örmeci
Aerial Robotics and the Quadrotor [From the Guest Editors].,Anna Maria Paganoni
D-MG tradeoff and optimal codes for a class of AF and DF cooperative communication protocols.,Anna Maria Paganoni
Comparing Data Mining Models in Academic Analytics.,Fabian Rothmaier
New Method for the Estimation of Domains of Attraction of Fixed Points from Lyapunov Functions.,Jan Camenisch
Optimal Pilot Symbol Power Allocation under Time-variant Channels.,Arthur J. Davidson
Pair-v-SVR: A Novel and Efficient Pairing nu-Support Vector Regression Algorithm.,David T. Wong
Microfluidic Cultivation and Laser Tweezers Raman Spectroscopy of ,Wirt Atmar
Finite-Time Control for Connected Vehicles Under Denial-of-Service Attacks: A Dynamic Event-Triggered Control Strategy.,Kwok-Kai Soo
Real options analysis of investment in carbon capture and sequestration technology.,Babak Farzad
NFS version 4 Protocol.,Duyan Bi
Gaussian beam launching for 3D physical modeling of propagation channels.,Chi-Sang Jung
Improved hash and transmission method for larger packets in the RADIUS protocol.,Amir Shmuel
A New Method to Obtain Termination in Backward Proof Search for Modal Logic ,Adriano Meta
"Decoupled, Linear, and Energy Stable Finite Element Method for the Cahn-Hilliard-Navier-Stokes-Darcy Phase Field Model.",Chaojiang Wu
PDF/A: A Viable Addition to the Preservation Toolkit.,Amir Shmuel
Comorbidity network for chronic disease: A novel approach to understand type 2 diabetes progression.,Andrzej Omieljanowicz
Ensemble Learning for Short-Term Traffic Prediction Based on Gradient Boosting Machine.,Anton Schiela
Neural substrates of normal and impaired preattentive sensory discrimination in large cohorts of nonpsychiatric subjects and schizophrenia patients as indexed by MMN and P3a change detection responses.,Osama Rashed Sayed
Blow-up in the Parabolic Problems under Nonlinear Boundary Conditions.,E. Lerzan Örmeci
Explanation and description in computational neuroscience.,Chih-Yuan Yao
Tumor Grade and Overall Survival Prediction of Gliomas Using Radiomics.,Arun Mittal
Efficient classification of ventricular arrhythmias using feature selection and C4.5 classifier.,Moulay A. Barkatou
An unusual chaotic system and its control.,Daniel Troy
Automatic Road Detection and Centerline Extraction via Cascaded End-to-End Convolutional Neural Network.,Chi-Wang Shu
Phone-level pronunciation scoring and assessment for interactive language learning.,Moulay A. Barkatou
"Computer self-efficacy in the information society: Design of learning strategies, mechanisms and skill areas.",Chia-Lung Yeh
A comparative study between syringe-based and screw-based 3D food printers by computational simulation.,Dan Suciu
Stoichiometric capacitance reveals the theoretical capabilities of metabolic networks.,Moulay A. Barkatou
The Hierarchy of Distributional Chaos.,E. Lerzan Örmeci
"Life, IoT, and the Pursuit of Happiness.",Andrzej Omieljanowicz
Query by Video Clip.,K. R. Ramakrishnan
Satellite-Derived Variation in Burned Area in China from 2001 to 2018 and Its Response to Climatic Factors.,Andrew J. Hinchley
PID Controller Synthesis Using a σ-Hurwitz Stability Criterion.,Jan Camenisch
MODEM: multi-omics data envelopment and mining in maize.,Chaojiang Wu
E-Commerce Growth and the Changing Structure of the Retail Sales Industry.,David Alan Grier
Enterprise Network Security - A New Approach.,Dan Suciu
An efficient image aesthetic analysis system using Hadoop.,Hidehisa Yoshida
A fast graphics printing program for neurophysiological data.,Fabio Nobile
A multimodal fusion approach for image captioning.,Andrew J. Hinchley
Contactless palmprint verification system using 2-D gabor filter and principal component analysis.,E. A. Mary Anita
Comments on a cryptographic key assignment scheme.,Robert Finger
3D flow field estimation and assessment for live cell fluorescence microscopy.,Daniela Guaiana
Real-time multimedia broadcasting via direct-detection fiber-optic synchronous CDMA networks.,Louise A. Mawn
Quantification of Sub-Pixel Dynamics in High-Speed Neutron Imaging.,Cynthia Jane Solomon
A Cognitive Reformation.,Jan Camenisch
Open and Dense Topological Transitivity of Extensions by Non-Compact Fiber of Hyperbolic Systems: A Review.,Alper Korkmaz
A deployment methodology of real-time industrial control applications in distributed controllers.,Haowei Xu
Sec-D2D: A Secure and Lightweight D2D Communication System With Multiple Sensors.,Adriano Meta
Advancing Qualitative IS Research Methodologies: Expanding Horizons and Seeking New Paths.,Daniela Guaiana
Content placement in 5G-enabled edge/core data center networks resilient to link cut attacks.,Osama Rashed Sayed
Making Customer Service a Priority.,Karl-Heinz Best
A real-time cloth draping simulation algorithm using conjugate harmonic functions.,Erik Meineche Schmidt
Targeted estimation of heterogeneous treatment effect in observational survival analysis.,Vera Tilson
Workshop der Nachwuchswissenschaftler/innen.,Arthur J. Davidson
MAP Symbol decoding in channels with error bursts.,Amir Shmuel
Propagation of Measurement Errors Through Body Composition Equations for Body Impedance Analysis.,Moulay A. Barkatou
Minimax Probability TSK Fuzzy System Classifier: A More Transparent and Highly Interpretable Classification Model.,Keecheon Kim
Reduction of sample sizes in network sampling models.,Fabio Nobile
Face feature extraction and recognition via local binary pattern and two-dimensional locality preserving projection.,Ming Zhang
Prioritized Deployment of Dynamic Service Function Chains.,Dok Nam Lee
Using a Parallel Helical Sensing Cable for the Distributed Measurement of Ground Deformation.,C. G. Parthipan
Analyzing the relationship between text features and grants productivity.,Gabriel M. Silberman
"8-Gb/s source-synchronous I/O link with adaptive receiver equalization, offset cancellation, and clock de-skew.",Arturo Molina 0001
EcoCyc: fusing model organism databases with systems biology.,Keecheon Kim
Towards multidimensional subspace skyline analysis.,John T. Fredricksen
Dedication.,Christopher I. Amos
Simultaneous Border Segmentation of Doughnut-Shaped Objects in Medical Images.,David Alan Grier
An outcome of expert-oriented digitalization of university processes.,N. C. Simpson
Vehicle Speed Prediction Using a Markov Chain With Speed Constraints.,Hen-Wai Tsao
Relativistic Effects in Bistatic Synthetic Aperture Radar.,Amir Bozorgzadeh
On the (Q-)index of 2-domination critical graphs.,Ming Zhang
A new class of stochastic EM algorithms. Escaping local maxima and handling intractable sampling.,Naohisa Komatsu
A construction of vertex-transitive non-Cayley graphs.,Aida Pliuskeviciene
On turbo encodedBicm.,K. R. Ramakrishnan
SAR Image Denoising via Sparse Representation in Shearlet Domain Based on Continuous Cycle Spinning.,Erik Meineche Schmidt
Hybrid Blockchain Database Systems: Design and Performance.,Gabriel M. Silberman
The Establishment of Green Industry Evaluation Index System Based on Dynamic Clustering - an Empirical Study from Dalian in China.,Christopher I. Amos
The halo algorithm-an algorithm for hierarchical design of rule checking of VLSI circuits.,Huiqin Xie
Crop rotation scheduling with adjacency constraints.,David Perry
What's happening.,Christopher I. Amos
Long Time versus Steady State Optimal Control.,K. R. Ramakrishnan
"Microwave effect: analyzing citations from classic theories and their reinventions - a case study from a classic paper in aquatic ecology - Brooks & Dodson, 1965.",Amir Shmuel
OWA filters and forecasting models applied to electric power load time series.,Dok Nam Lee
Mapping rectangular mesh algorithms onto asymptotically space-optimal arrays.,Daniel Troy
Parallel Simulated Annealing.,Luca Schenato 0001
Derivation of dynamic electric and magnetic response properties based on the quasienergy derivative method.,Huiqin Xie
A Novel Fuzzy Modeling Structure-Decomposed Fuzzy System.,Kwok-Kai Soo
Multiscale Modeling of Skeletal Muscle Active Contraction in Relation to Mechanochemical Coupling of Molecular Motors.,Roy Edgar Hansen
A Factorial Design To Optimize Cell-Based Drug Discovery Analysis.,Fabio Nobile
"Evolution and Evaluation of Safety Offered by Active Safety, ADAS, and AD Systems.",Chi-Sang Jung
Methods for Comprehensive Analysis of Heat Supply Reliability.,Arturo Molina 0001
Automatic seizure detection using a highly adaptive directional time-frequency distribution.,Amaro de Sousa
HyperNet: A conditional k-anonymous and censorship resistant decentralized hypermedia architecture.,Hen-Wai Tsao
Designing in virtual reality: a comparison of problem-solving styles between desktop and VR environments.,Fabio Nobile
Real-Time Power Electronics Laboratory to Strengthen Distance Learning Engineering Education on Smart Grids and Microgrids.,Arturo Molina 0001
Library and Information Science research areas: A content analysis of articles from the top 10 journals 2007-8.,Cynthia Jane Solomon
Ensemble convolutional neural networks for pose estimation.,Chi-Wang Shu
Robust load planning of trains in intermodal transportation.,Jan Camenisch
Feature Investigation of a Segmented Pole Quasi- Halbach Tubular-Linear Synchronous Machine.,S. Twomey
Implementation and performance analysis of various VM placement strategies in CloudSim.,Dok Nam Lee
Knowledge Management Capability in Nursing care Performance in Selected Teaching Hospitals in Southwest Nigeria.,Haowei Xu
Blockchain Standard: Can We Reach Consensus?,Luca Schenato 0001
Lossy Compression of Communication Traces Using Recurrent Neural Networks.,M. I. Cohen
Reliability Allocation Problem in Series-Parallel Systems: Ant Colony Optimization.,Dan Suciu
Collaborative adhocracies and mix-and-match technologies in emergency management.,Andrzej Omieljanowicz
Communication Theory Joint data detection and estimation of time-varying multipath rayleigh fading channels in asynchronous DS-CDMA systems with long spreading sequences.,Chaojiang Wu
Visible light communication using TDMA optical beamforming.,Ahmed M. Mohamed
NB-IoT Random Access for Nonterrestrial Networks: Preamble Detection and Uplink Synchronization.,Aida Pliuskeviciene
Modelling Segmented Cardiotocography Time-Series Signals Using One-Dimensional Convolutional Neural Networks for the Early Detection of Abnormal Birth Outcomes.,Abbas Heydari
"Quantifying Spike Train Oscillations: Biases, Distortions and Solutions.",Jan Camenisch
Hamiltonian Systems: Chaos and Quantization (Alfredo M. Ozorio de Almeida). Chaos and Integrability in Nonlinear Dynamics: An Introduction (Michael Tabor) An Introduction to Chaotic Dynamical Systems (Robert L. Devaney).,Hermano Frid
Post-anthropocentric creativity.,Roy Edgar Hansen
"Metaverse: Perspectives from graphics, interactions and visualization.",Renbiao Wu
Resource management in network dynamics: An optimal approach to the admission control problem.,Astrid Tannert
Compressible flows: New existence results and justification of the Reynolds asymptotic in thin films.,Kanad Chakraborty
A VLSI architecture for dynamic scene analysis.,Theodosios Pavlidis
Optical Path Cross-Connect System Scale Evaluation Using Path Accommodation Design for Restricted Wavelength Multiplexing .,Norman F. Schneidewind
Correction to: Mapping audiovisual content providers and resources in Greece.,C. G. Parthipan
Predictive control for sector bounded nonlinear model and its application to solid oxide fuel cell systems.,Daniela Guaiana
Effects of vocabulary training by computer in kindergarten.,Akira Suzuki
Solving a multiple-qualifications physician scheduling problem with multiple types of tasks by dynamic programming and variable neighborhood search.,Daniel Cullina
Effective Resistance Preserving Directed Graph Symmetrization.,John T. Fredricksen
A simple model of retina-LGN transmission.,S. Twomey
Business pluralism of electronic prescriptions: state of development in Europe and the USA.,Ahmed M. Mohamed
On Adaptive Influence Maximization Under General Feedback Models.,Cynthia Jane Solomon
Integration of Sentinel-1 and Sentinel-2 Data for Land Cover Mapping Using W-Net.,Dan Suciu
Beyond Document Similarity: Understanding Value-Based Search and Browsing Technologies.,Abbas Heydari
A multi-stage spatio-temporal adaptive network for video super-resolution.,Kanad Chakraborty
The strong connectivity of bubble-sort star graphs.,Astrid Tannert
Decoding clinical biomarker space of COVID-19: Exploring matrix factorization-based feature selection methods.,Le Deng
Introduction.,K. R. Ramakrishnan
Mixing network coding and cooperation for reliable wireless communications.,Naohisa Komatsu
Stochastic Models with Multistability and Extinction Levels.,Arthur J. Davidson
Distributed Acoustic Sensing for Monitoring Linear Infrastructures: Current Status and Trends.,Amir Bozorgzadeh
Offline-Enhanced Reduced Basis Method Through Adaptive Construction of the Surrogate Training Set.,Chaojiang Wu
Second-order statistics of system with ,Hidehisa Yoshida
Using the Xeon Phi Platform to Run Speculatively-Parallelized Codes.,David Dagan Feng
"The failure of the ""localisationist project"" in mental medicine in nineteenth century France and the emergence of the neurological clinic.",Di Li 0003
Large scale content distribution protocols.,Christopher I. Amos
DeepTrain: A Programmable Embedded Platform for Training Deep Neural Networks.,Laurent Chupin
Next2You: Robust Copresence Detection Based on Channel State Information.,Theodosios Pavlidis
On numbers of vertices of maximum degree in the spanning trees of a graph.,Robert Finger
Special issue: Intelligent user interfaces.,Oliver Marschollek
Movement Pattern Recognition of Medaka for an Insecticide: A Comparison of Decision Tree and Neural Network.,Astrid Tannert
A Framework for GNSS Spoofing Detection Through Combinations of Metrics.,Norman F. Schneidewind
Belief function of Pythagorean fuzzy rough approximation space and its applications.,Diogo Poças
"Corrigendum to: ""Hamiltonicity of the Normal Product of Hypergraphs"" in: J. Inform. Process. Cybernet. EIK26(1990) 7, 415-433.",Kwok-Kai Soo
AGGLO-Hi clustering algorithm for gene expression micro array data using proximity measures.,Amir Shmuel
Service-Oriented Architecture on FPGA-Based MPSoC.,Arun Mittal
Design and Implementation of Smart Multi-Touch Interface Using Special Purpose CORDIC Processor.,Kanad Chakraborty
Low-Cost Passive Beamforming for RIS-Aided Wideband OFDM Systems.,Christopher I. Amos
Dissociation of Working Memory Processing Associated with Native and Second Languages: PET Investigation.,Erik Meineche Schmidt
Characteristic vector and weight distribution of a linear code.,Dan Suciu
Application of hybrid fast marching method to determine the real-time path for the biped robot.,Chih-Yuan Yao
"Statistical genetics & statistical genomics: Where biology, epistemology, statistics, and computation collide.",Robert Finger
Learning stacking regression for no-reference super-resolution image quality assessment.,Amaro de Sousa
A Rigorously Bayesian Beam Model and an Adaptive Full Scan Model for Range Finders in Dynamic Environments.,Amir Shmuel
Development of open platform humanoid robot DARwIn-OP.,Daniela Guaiana
Evidential weights of multiple preferences for competitiveness.,Karl-Heinz Best
Optimizing Spatial Mapping of Nested Loop for Coarse-Grained Reconfigurable Architectures.,Karl-Heinz Best
A Cable-Driven Exosuit for Upper Limb Flexion Based on Fibres Compliance.,Ahmed M. Mohamed
On Submesh Allocation for Mesh Multicomputers: A Best-Fit Allocation and a Virtual Submesh Allocation for Faulty Meshes.,Hermano Frid
Is There a Fourth Law for Non-Ergodic Systems That Do Work to Construct Their Expanding Phase Space?,Gabriel M. Silberman
A confidence map and pixel-based weighted correlation for PRNU-based camera identification.,Alper Korkmaz
Knowledge Transfer in Information Security Capacity Building for Community-Based Organizations.,Fabio Nobile
The Game of Hacking Academic Websites.,Dan Suciu
"Erratum to ""Time Domain Calibration Method of Open-Ended Coaxial Probe in Dielectric Measurement"".",Dinesh Manocha
Autonomous Population Regulation Using a Multi-Agent System in a Prey-Predator Model That Integrates Cellular Automata and the African Buffalo Optimization Metaheuristic.,E. Lerzan Örmeci
Online detection and removal of eye blink artifacts from electroencephalogram.,Dinesh Manocha
"Reconstruction of the Infection Curve for SARS Epidemic in Beijing, China Using a Back-Projection Method.",Arthur J. Davidson
Graph decomposition with applications to subdivisions and path systems modulo ,Chi-Sang Jung
A Formal Approach to Incremental Converter Synthesis for System-on-Chip Design.,Hai-Wei Sun
Pruning Strategy on Adaptive Rule Model by Sorting Utility Items.,Andrzej Omieljanowicz
Stability of Non-constant Equilibrium Solutions for Bipolar Full Compressible Navier-Stokes-Maxwell Systems.,Daniela Guaiana
Static Scheduling for Dynamic Dataflow Machines.,C. G. Parthipan
Geometric Mean for Subspace Selection.,Vera Tilson
Accelerating Multipattern Matching on Compressed HTTP Traffic.,Andrzej Omieljanowicz
Modular Simulation-Based Physical and Emotional Assessment of Ambient Intelligence in Traffic.,Alper Korkmaz
Group consensus for heterogeneous multi-agent systems with parametric uncertainties.,Kwok-Kai Soo
Traffic Hazards on the Superhighway.,Daniel Cullina
The Relationship Between Trust and Use Choice in Human-Robot Interaction.,Kwok-Kai Soo
Fast approximate solution of Bloch equation for simulation of RF artifacts in Magnetic Resonance Imaging.,Dariusz Fabianowski
Fuzzy logic control of three-pole active magnetic bearing system.,Dok Nam Lee
Stability of digital filters subject to external interference and state-delay.,M. I. Cohen
Quantitative evaluation of fiber tractography with a Delaunay triangulation-based interpolation approach.,Oliver Marschollek
Highly Specific and Cost-Efficient Detection of ,Ahmed M. Mohamed
LED Half-Power Angle Optimization for Ultra-Dense Indoor Visible Light Communication Network Deployment.,Guangyuan Pan
Definitions of Managed Objects for SNA Data Link Control (SDLC) using SMIv2.,Le Deng
Optimal Data Rate for Reliable Packet Communications in Laplace Noise.,Duyan Bi
How can Social Herding Enhance Cooperation?,Ahmed M. Mohamed
A Predictive Control-Based Approach to Networked Hammerstein Systems: Design and Stability Analysis.,Laurent Chupin
A Novel Process Network Model for Interacting Context-Aware Web Services.,Ilan Abramovici
Algorithms for Shape Analysis of Contours and Waveforms.,Danni Zhu
FEA Modeling of Soft Tissue Interaction for Active Needles With a Rotational Tip Joint.,Chia-Lung Yeh
Design of WAMS-Based Multiple HVDC Damping Control System.,Cynthia Jane Solomon
Probabilistic constraint tightening techniques for trajectory planning with predictive control.,K. R. Ramakrishnan
"Mechanisms underlying decoding at 7 T: Ocular dominance columns, broad structures, and macroscopic blood vessels in V1 convey information on the stimulated eye.",Anton Schiela
An Adaptive Piecewise Harmonic Analysis Method for Reconstructing Multi-Year Sea Surface Chlorophyll-A Time Series.,Akira Suzuki
Syndicated crime and international terrorism: the lessons of '9-11'.,Dariusz Fabianowski
A Theory of Restricted Quantification I.,Luca Schenato 0001
Intermodulation performance of biased-nonlinearities.,Hai-Wei Sun
Magnetothermoelasticity with two relaxation times in conducting medium with variable electrical and thermal conductivity.,Hen-Wai Tsao
Query Optimization in Star Computer Networks.,Chi-Sang Jung
Convergence of Fourier-Wavelet Models for Gaussian Random Processes.,Wirt Atmar
Growth Theorems for a Subclass of Strongly Spirallike Functions.,Haowei Xu
QoS-Aware Middleware for Web Services Composition.,Fabian Rothmaier
Stepwise structural verification of cyclic workflow models with acyclic decomposition and reduction of loops.,Andrew J. Hinchley
Society Supports Software Engineering PE Examination.,Vera Tilson
Issues of Importance in Designing GaAs Microcomputer Systems.,Gabriel M. Silberman
Well-posedness of the generalized Navier-Stokes equations with damping.,Le Deng
A Hybrid Delay Design-for-Testability for Nonseparable RTL Controller-Data Path Circuits.,Robert Finger
Short-Term Electric Load Forecasting With Sparse Coding Methods.,Hady Pranoto
Security performance evaluation for biometric template protection techniques.,Dinesh Manocha
Linear and DF joint detectors for DS-CDMA communications using periodic long codes.,Anton Schiela
An Optimal Control Problem in Polyconvex Hyperelasticity.,Heike Siebert
基于时变加权马尔科夫链的网络异常检测模型 (Network Anomaly Detection Model Based on Time-varying Weighted Markov Chain).,C. G. Parthipan
"An Empirical Investigation of Digital Content Characteristics, Value, and Flow.",Chaojiang Wu
Maximum Matchings in General Graphs Through Randomization.,Chi-Wang Shu
Improved monarch butterfly optimization for unconstrained global search and neural network training.,Qiqi Wang
Public Strategies for Artificial Intelligence: Which Value Drivers?,Laurent Chupin
Efficient priority-first search maximum-likelihood soft-decision decoding of linear block codes.,Cynthia Jane Solomon
Privacy-preserving network forensics.,Laurent Chupin
Animal behavior as a paradigm for developing robot autonomy.,Ming Zhang
Free at Last: The Future of Peer-Reviewed Journals.,Huiqin Xie
Weak Galerkin finite element method with second-order accuracy in time for parabolic problems.,Chaojiang Wu
Threshold Effects of the Network Structure in the Relationship Between Patent PageRank and Patent Value.,Theodosios Pavlidis
Financial equilibrium with asymmetric information and random horizon.,Andrzej Omieljanowicz
NFT Certificates and Proof of Delivery for Fine Jewelry and Gemstones.,Dinesh Manocha
Advances in Librarianship (Volume 33).,Karl-Heinz Best
Development of a Smart Helmet for Strategical BCI Applications.,E. Lerzan Örmeci
The Correlation Between Bubble-Enhanced HIFU Heating and Cavitation Power.,Abbas Heydari
∂̄-dressing method for the coupled Gerdjikov-Ivanov equation.,Heike Siebert
What can software engineers learn from manufacturing to improve software process and product?,Naohisa Komatsu
Existence of 2m-1 Positive Solutions for Sturm-Liouville Boundary Value Problems with Linear Functional Boundary Conditions on the Half-Line.,Aida Pliuskeviciene
The First Summer School on Ubiquitous and Pervasive Computing.,E. Lerzan Örmeci
Exploiting GSM short message service for ubiquitous accessing.,Aida Pliuskeviciene
Energy Efficient Reservation-Based Cluster Head Selection in WSNs.,Robert Finger
QPRD: QoS-Aware Peering Routing Protocol for Delay-Sensitive Data in Hospital Body Area Network.,Naohisa Komatsu
Accounting for Dynamic Diversity Among Child Users of IoT.,Hen-Wai Tsao
A ZVS APWM Half-Bridge Parallel Resonant DC-DC Converter With Capacitive Output.,Alper Korkmaz
Unique Normal Form and the Associated Coefficients for a Class of Three-Dimensional Nilpotent Vector Fields.,Aku Riihelä
Distance Transformation for Network Design Problems.,Guangyuan Pan
Tighter constant-factor time hierarchies.,M. I. Cohen
An Instructional Feedback Technique for Teaching Project Management Tools Aligned with PMBOK.,Amir Shmuel
Annotating and modeling empathy in spoken conversations.,Cynthia Jane Solomon
A fully integrated feedback AGC loop for ZigBee (IEEE 802.15.4) RF transceiver applications.,Daniel Troy
A large-scale empirical study of P3P privacy policies: Stated actions vs. legal obligations.,Naohisa Komatsu
An Efficient Hyperspectral Image Retrieval Method: Deep Spectral-Spatial Feature Extraction with DCGAN and Dimensionality Reduction Using ,Kwok-Kai Soo
G-stack modulated probe intensities on expression arrays - sequence corrections and signal calibration.,Hidehisa Yoshida
Accelerating Density Peak Clustering Algorithm.,Aku Riihelä
Automatic scaling range selection for long-range dependent network traffic.,Astrid Tannert
Enhanced Marathi Speech Recognition Facilitated by Grasshopper Optimisation-Based Recurrent Neural Network.,Astrid Tannert
Reports on the AAAI 1999 Workshop Program.,John T. Fredricksen
Organisation innovation and entrepreneurship: the role of the national laboratories in promoting industrial development.,Cynthia Jane Solomon
Towards predictable wireless cyber-physical applications.,Guangyuan Pan
Productive Use of Failure in Inductive Proof.,Bita Alipasandi
An Intelligent Integrated Approach for Efficient Demand Side Management With Forecaster and Advanced Metering Infrastructure Frameworks in Smart Grid.,Danni Zhu
To swim or not to swim: A population-level model of Xenopus tadpole decision making and locomotor behaviour.,Dariusz Fabianowski
Human Activity Recognition on Microcontrollers with Quantized and Adaptive Deep Neural Networks.,S. Twomey
A fast seed detection using local geometrical feature for automatic tracking of coronary arteries in CTA.,Fabian Rothmaier
Modelling Site Index in Forest Stands Using Airborne Hyperspectral Imagery and Bi-Temporal Laser Scanner Data.,Chih-Yuan Yao
A review on manipulation skill acquisition through teleoperation-based learning from demonstration.,S. Twomey
Fine-Grained Visual-Textual Representation Learning.,Anita Schöbel
Realtime Simulation of Thin-Shell Deformable Materials Using CNN-Based Mesh Embedding.,Akira Suzuki
Research on Sieving Performance of Flip-Flow Screen Using Two-Way Particles-Screen Panels Coupling Strategy.,Danni Zhu
Supposed maximum information for comprehensible representations in SOM.,Bettina Klaus
Basic Difference Between Brain and Computer: Integration of Asynchronous Processes Implemented as Hardware Model of the Retina.,David T. Wong
Implementation of Machine Learning for Autonomic Capabilities in Self-Organizing Heterogeneous Networks.,Amir Bozorgzadeh
Multichannel bandwidth allocation in a broadband packet switch.,Lukasz Maksymiuk
On the Role of Land Surface Temperature as Proxy of Soil Moisture Status for Drought Monitoring in Europe.,Mazen O. Hasna
"Sharing, Liking, Commenting, and Distressed? The Pathway Between Facebook Interaction and Psychological Distress.",Dok Nam Lee
On Recovery of Sparse Signals With Prior Support Information via Weighted ℓₚ-Minimization.,Bita Alipasandi
Internal Model Control of Permanent Magnet Synchronous Motor Using Support Vector Machine Generalized Inverse.,Björn Berghausen
Parameter-Free Attention in fMRI Decoding.,Astrid Tannert
The user of the future: Reimagining how we think about information.,Erik Meineche Schmidt
Enabling data science in the Gaia mission archive: The present-day mass function and age distribution.,Hidehisa Yoshida
A survey of transformer-based multimodal pre-trained modals.,Dok Nam Lee
A mixed mimetic spectral element model of the rotating shallow water equations on the cubed sphere.,Akira Suzuki
Coordinating Programs in the Network of Tasks Model.,K. R. Ramakrishnan
On multiserver feedback retrial queues with balking and control retrial rate.,David Dagan Feng
Approximability in the GPAC.,Dok Nam Lee
"Analysis of bulk queue with unreliable service station, second optional repair, N-policy multiple vacation, loss and immediate feedback in production system.",Björn Berghausen
Enhancing Information Retrieval Through Statistical Natural Language Processing: A Study of Collocation Indexing.,Di Li 0003
Mass Segmentation in Automated 3-D Breast Ultrasound Using Adaptive Region Growing and Supervised Edge-Based Deformable Model.,Cynthia Jane Solomon
Knowledge Management Research Initiatives in North America.,Hai-Wei Sun
Sensitive Functions and Approximate Problems.,Dok Nam Lee
Geometrical Bounds for Variance and Recentered Moments.,Vera Tilson
Algorithm 300: Coulomb wave functions.,Hen-Wai Tsao
"Second-sourcing CPUs - Emulation, Ethics, And Electropolitics.",Le Deng
Assessment of changes in urban green spaces of Mashad city using satellite data.,E. Lerzan Örmeci
Improved likelihood ratio test based voice activity detector applied to speech recognition.,Arun Mittal
Explicit Runge-Kutta Methods Combined with Advanced Versions of the Richardson Extrapolation.,C. G. Parthipan
A novel artificial neural network method for biomedical prediction based on matrix pseudo-inversion.,Theodore Hailperin
Improved Speech Enhancement Considering Speech PSD Uncertainty.,Daniela Guaiana
"Information Society: Analyzing Problems and Prospects of Using Information Technologies, Computers and Communication Networks.",Amir Shmuel
An integrated model to evaluate water-energy-food nexus at a household scale.,Laurent Chupin
A Quantum-Proof Non-Malleable Extractor With Application to Privacy Amplification against Active Quantum Adversaries.,Mazen O. Hasna
Fault-tolerant aggregation: Flow-Updating meets Mass-Distribution.,Chi-Wang Shu
Multi-objective hierarchical algorithms for restoring Wireless Sensor Network connectivity in known environments.,Lukasz Maksymiuk
A Novel Dual Iterative Q-Learning Method for Optimal Battery Management in Smart Residential Environments.,David Dagan Feng
Portable and Airborne Small Footprint LiDAR: Forest Canopy Structure Estimation of Fire Managed Plots.,Dok Nam Lee
Context Effect in the Categorical Perception of Mandarin Tones.,Arvind Ramanathan
Resultants over commutative idempotent semirings I: Algebraic aspect.,Constant Solimando
On an algorithm for Vision-based hand gesture recognition.,Dok Nam Lee
New techniques for untestable fault identification in sequential circuits.,Guangyuan Pan
A weighted strategy to handle likelihood uncertainty in Bayesian inference.,Hai-Wei Sun
Converting scanned images of seismic reflection data into SEG-Y format.,Gabriel M. Silberman
TCP Pegas: A PSO-based improvement over TCP Vegas.,Hen-Wai Tsao
Real controllability/stabilizability radius of LTI systems.,David Perry
Benchmarking HEp-2 specimen cells classification using linear discriminant analysis on higher order spectra features of cell shape.,Ilan Abramovici
Link-Adaptive Mapper Designs for Space-Shift-Keying-Modulated MIMO Systems.,Amaro de Sousa
A library network model.,Lianjun Xiao
An efficient syntactic approach to structural analysis of on-line handwritten mathematical expressions.,David Alan Grier
Noise Localization Method for Model Tests in a Large Cavitation Tunnel Using a Hydrophone Array.,Huijun Wu
Area- and power-efficient iterative single/double-precision merged floating-point multiplier on FPGA.,David Alan Grier
K-means clustering analysis and evaluation for internet of acoustic environment characteristics.,Jiang Ma
A Study of Search Intermediary Working Notes: Implications for IR System Design.,Daniela Guaiana
Downlink Resource Sharing in Multichannel Device-to-Device Communication.,Adriano Meta
Association between triallelic polymorphism of the serotonin transporter and [,Anna Maria Paganoni
Low gate interface traps AlGaN/GaN HEMTs using a lattice matched ZrZnO transparent gate design.,Kwok-Kai Soo
Spike-based compact digital neuromorphic architecture for efficient implementation of high order FIR filters.,Mazen O. Hasna
Teilelogistik - Unterstützung durch Informations- und Kommunikationssysteme im vetrieb der Merzedes Benz AG.,Hen-Wai Tsao
A finite characterization of,Danni Zhu
On weighted unbalanced linguistic aggregation operators in group decision making.,Andrzej Omieljanowicz
Entanglement cost of generalised measurements.,Chaojiang Wu
A method to optimize evacuation instructions.,Erik Meineche Schmidt
FPGA-Aware Scheduling Strategies at Hypervisor Level in Cloud Environments.,Andrew J. Hinchley
tvReg: Time-varying Coefficients in Multi-Equation Regression in R.,Theodosios Pavlidis
PANFIS: A Novel Incremental Learning Machine.,David Perry
Advancing the Boundaries of Higher Education in Arizona Using the World Wide Web.,Gabriel M. Silberman
An efficiently computable subgraph pattern support measure: counting independent observations.,Lianjun Xiao
Review.,John T. Fredricksen
A neurophysiological approach to assess training outcome under stress: A virtual reality experiment of industrial shutdown maintenance using Functional Near-Infrared Spectroscopy (fNIRS).,Hen-Wai Tsao
An Empirical Study of Technological Factors Affecting Cloud Enterprise Resource Planning Systems Adoption.,Adriano Meta
LexBFS-orderings and powers of chordal graphs.,E. Lerzan Örmeci
LEDGERBENCH: A Framework for Benchmarking Ledger Databases.,Oliver Marschollek
DEM- and GIS-Based Analysis of Soil Erosion Depth Using Machine Learning.,Di Li 0003
On strong edge-colouring of subcubic graphs.,N. C. Simpson
Confidence intervals for an ordinal effect size measure based on partially validated series.,Daniel Troy
Novel technique for preprocessing high dimensional time-course data from DNA microarray: mathematical model-based clustering.,Lianjun Xiao
Solitary wave simulations of Complex Modified Korteweg-de Vries Equation using differential quadrature method.,Duyan Bi
Fractional wavelet transform based diagnostic system for brain tumor detection in MR imaging.,Arturo Molina 0001
Waveform Interpolation-Based Speech Analysis/Synthesis for HMM-Based TTS Systems.,Adel El-Faraskoury
Anti-Multipath Orthogonal Chirp Division Multiplexing for Underwater Acoustic Communication.,Anna Maria Paganoni
Book review.,André Raspaud
Physics-Informed Hyperspectral Remote Sensing Image Synthesis With Deep Conditional Generative Adversarial Networks.,Babak Farzad
High-tech indicators: assessing the competitiveness of selected European countries.,Amir Bozorgzadeh
A serial inventory system with supplier selection and order quantity allocation.,Vera Tilson
"Multitarget likelihood computation for track-before-detect applications with amplitude fluctuations of type swerling 0, 1, and 3.",Dariusz Fabianowski
Clinical Outcome Prediction Using Single-Cell Data.,Chia-Lung Yeh
A martingale Kronecker lemma and parameter estimation for linear systems.,Roy Edgar Hansen
Coupling fuzzy clustering and cellular automata based on local maxima of development potential to model urban emergence and expansion in economic development zones.,E. A. Mary Anita
Particle Swarm Optimization With Interswarm Interactive Learning Strategy.,Anita Schöbel
VSAT data networks.,Roy Edgar Hansen
Decentralized Consensus Optimization Based on Parallel Random Walk.,N. C. Simpson
Determination of optimal order-up to level quantities for dependent spare parts using data mining.,Di Li 0003
A Novel 3D Indoor Localization Scheme Using Virtual Access Point.,Chih-Yuan Yao
"Pretense, Counterfactuals, and Bayesian Causal Models: Why What Is Not Real Really Matters.",Robert Finger
On measuring the system coherency of quadratically nonlinear systems.,Ahmed M. Mohamed
Directional Motion on Water Surface With Keel Extruded Footpads Propelled by Marangoni Effect.,Guangyuan Pan
Adaptive learning region importance for region-based image retrieval.,Huijun Wu
Big vs little core for energy-efficient Hadoop computing.,Osama Rashed Sayed
3D IMPRESS vision expert system for automated construction of three-dimensional image processing procedures and its performance evaluation.,Adel El-Faraskoury
The relationship between sustainable business management and competitiveness: research trends and challenge.,David T. Wong
Adaptive Geometry Image.,Ilan Abramovici
Estimation of fiber orientation and spin density distribution by diffusion deconvolution.,Vera Tilson
QoE Vadis? (Dagstuhl Perspectives Workshop 16472).,Amir Bozorgzadeh
UWB Channel Modeling in Roadway and Indoor Parking Environments.,Anita Schöbel
"On the optimal, fair and channel-aware cognitive radio network reconfiguration.",Akira Suzuki
Indoor Magnetic Signature Based Localization Algorithm without Person-Dependent Parameter Calibration.,Arvind Ramanathan
System Dynamics and Tradeoffs in Radio Astronomical Data Transport of an Integrated Satellite Communication and Radio Astronomy System.,Daniel Troy
Online Stock Price Prediction Based on Interval Data Analysis.,Adriano Meta
Combat Models for RTS Games.,Daniel Troy
Topologic Proofs of Some Combinatorial Theorems.,David Dagan Feng
A Semantic web approach to handling soft constraints in virtual organisations.,Keecheon Kim
Effects of Target Expansion on Selection Performance in Older Computer Users.,Christopher I. Amos
Symbol-by-Symbol MAP Decoding Algorithm for High-Rate Convolutional Codes That Use Reciprocal Dual Codes.,Lianjun Xiao
A generic framework for heap and value analyses of object-oriented programming languages.,Wirt Atmar
Server-Aided Fine-Grained Access Control Mechanism with Robust Revocation in Cloud Computing.,Huijun Wu
Fingerprint classification using a feedback-based line detector.,Arun Mittal
On the robust stabilizability of uncertain linear time-invariant plants using nonlinear time-varying controllers.,M. I. Cohen
The Questioning Turing Test.,Abbas Heydari
A spatial decision support tool for estimating population catchments to aid rural and remote health service allocation planning.,Dinesh Manocha
Science in the Cloud: Allocation and Execution of Data-Intensive Scientific Workflows.,Chaojiang Wu
Local stability analysis for continuous-time Takagi-Sugeno fuzzy systems with time delay.,Naohisa Komatsu
Characterization of unlabeled level planar trees.,Theodore Hailperin
A Study of Chaotic Maps Producing Symmetric Distributions in the Fish School Search Optimization Algorithm with Exponential Step Decay.,Bita Alipasandi
Coalition-Based Cooperative Packet Delivery under Uncertainty: A Dynamic Bayesian Coalitional Game.,Dariusz Fabianowski
Recognition of abdominal organs using 3D mathematical morphology.,Chia-Lung Yeh
Editorial Foreword.,Vera Tilson
Properties of ,Abbas Heydari
Rate-distortion theory applied to automatic object recognition.,Adel El-Faraskoury
Distributed proportion-integration-derivation formation control for second-order multi-agent systems with communication time delays.,Aida Pliuskeviciene
An Extremal Problem on Sparse 0-1 Matrices.,Daniel Troy
Hybrid Reduced-Complexity Multiuser Detector for CDMA Communication Systems.,Arturo Molina 0001
Multipath Routing for Video Streaming inWireless Mesh Networks.,Adriano Meta
Improved field localization in transcranial magnetic stimulation of the brain with the utilization of a conductive shield plate in the stimulator.,Chaojiang Wu
Observer-Based Consensus Protocol for Directed Switching Networks With a Leader of Nonzero Inputs.,Moulay A. Barkatou
Private and rateless adaptive coded matrix-vector multiplication.,Vera Tilson
In silico evaluation of the influence of the translocon on partitioning of membrane segments.,Alper Korkmaz
Privacy-Preserving Analysis for Remote Video Anomaly Detection in Real Life Environments.,Louise A. Mawn
Mercer and Wu-Srivastava generalisations of Steffensen's inequality.,S. Twomey
Bridging gaps in handoffs: A continuity of care based approach.,Arvind Ramanathan
Editorial: Supporting healthcare reform with augmented electronic medical records system.,Dok Nam Lee
A Smart Work Performance Measurement System for Police Officers.,Anton Schiela
The Preempt-Resume M/G/1 Queue with Feedback and Clocked Schedules.,Qiqi Wang
MR-ELM: a MapReduce-based framework for large-scale ELM training in big data era.,Kanad Chakraborty
On the non-idealness of cyclotomic families of pairing-friendly elliptic curves.,David Alan Grier
A Novel Emulation Model of the Cardiac Conduction System.,Constant Solimando
A group key-policy attribute-based encryption with partial outsourcing decryption in wireless sensor networks.,Huiqin Xie
Learning to detect and understand drug discontinuation events from clinical narratives.,C. G. Parthipan
Sampling issues in quantitative analysis of dendritic spines morphology.,Jan Camenisch
Landscape and Dynamics of the Transcriptional Regulatory Network During Natural Killer Cell Differentiation.,Amaro de Sousa
Absolutely expedient imitative behavior.,Dok Nam Lee
Seawater Battery-Based Wireless Marine Buoy System With Battery Degradation Prediction and Multiple Power Optimization Capabilities.,Arun Mittal
A multi-granularity heuristic-combining approach for censorship circumvention activity identification.,Andrew J. Hinchley
Prosody-driven Sentence Processing: An Event-related Brain Potential Study.,Daniela Guaiana
KeyWords Plus - Algorithmic Derivative Indexing.,Wirt Atmar
Learning Security QA from the Vulnerability Researchers.,Chi-Wang Shu
Feedback control for rotational movements in feature space.,Jan Camenisch
"Theoretical calculations of extraction selectivity: Alkali cation complexes of calix[4]-bis-crown6 in pure water, chloroform, and at a water/chloroform interface.",Qiqi Wang
Adaptive Particle Filter for Data Fusion of Multiple Cameras.,Oliver Marschollek
A method to track cortical surface deformations using a laser range scanner.,Karl-Heinz Best
Faster Approximate Diameter and Distance Oracles in Planar Graphs.,Dan Suciu
Communication Quality Prediction for Internet of Vehicle (IoV) Networks: An Elman Approach.,Wirt Atmar
WPS orchestration using the Taverna workbench: The eScience approach.,David Alan Grier
ReAlignerV: Web-based genomic alignment tool with high specificity and robustness estimated by species-specific insertion sequences.,Hen-Wai Tsao
Does Information Technology Investment Influence a Firm's Market Value? A Case of Non-Publicly Traded Healthcare Firms.,Naohisa Komatsu
Epistemology and economics.,Kanad Chakraborty
Towards a logical reconstruction of structured modeling.,Dan Suciu
Stepping out of the shallows.,Akira Suzuki
Energy-saving distributed monitoring-based firefly algorithm in wireless sensors networks.,Huijun Wu
Recent trends indicate rapid growth of nature-inspired optimization in academia and industry.,Le Deng
"Corrigendum to ""Stable matchings and preferences of couples"" [J. Econ. Theory 121 (1) (2005) 75-106].",M. I. Cohen
A Residual Analysis-Based Improved Particle Filter in Mobile Localization for Wireless Sensor Networks.,Oliver Marschollek
Enhance VR: A Multisensory Approach to Cognitive Training and Monitoring.,Danni Zhu
New Depth From Focus Filters in Active Monocular Vision Systems for Indoor 3-D Tracking.,Adel El-Faraskoury
DVB - vom Digitalen Fernsehen zum Datenrundfunk.,Louise A. Mawn
Dynamic QoS control of multimedia applications based on ,Christopher I. Amos
"Survey on test case generation, selection and prioritization for cyber-physical systems.",Naohisa Komatsu
Internet of vehicle's resource management in 5G networks using AI technologies: Current status and trends.,David Perry
Asymptotically optimal quantizers for detection of I.I.D. data.,Aku Riihelä
Moby: A Blackout-Resistant Anonymity Network for Mobile Devices.,Adel El-Faraskoury
Processing of Noise Radar Waveforms using Block Least Mean Squares Algorithm.,Heike Siebert
Water Management in Agriculture: A Survey on Current Challenges and Technological Solutions.,Oliver Marschollek
Automatic analysis of electronic digital circuits using list processing.,David Dagan Feng
Expected model for portfolio selection with random fuzzy returns.,E. A. Mary Anita
Modified Magnitude-Phase Spectrum Information for Spoofing Detection.,Hai-Wei Sun
Reduced Prediction Saturation and View Effects for Estimating the Leaf Area Index of Winter Wheat.,Hady Pranoto
Calculation and Analysis of Constant Stiffness Space for Redundant Cable-Driven Parallel Robots.,E. Lerzan Örmeci
Scalable Parallel and Distributed Expert Database Systems with Predictive Load Balancing.,Dok Nam Lee
Region segmentation using information divergence measures.,Daniel Troy
Digital Earth: a new challenge and new vision.,Arthur J. Davidson
A new approach for interpreting Random Forest models and its application to the biology of ageing.,John T. Fredricksen
A High-Efficiency Low-Voltage CMOS Rectifier for Harvesting Energy in Implantable Devices.,Duyan Bi
Advanced manufacturing systems: supply-demand matching of manufacturing resource based on complex networks and Internet of Things.,Luca Schenato 0001
Assessment for soil improvement benefit of land rehabilitation in dump areas.,Amir Shmuel
Sequent calculi for skeptical reasoning in predicate default logic and other nonmonotonic logics.,Aida Pliuskeviciene
Transorbital target localization with augmented ophthalmologic surgical endoscopy.,Hai-Wei Sun
Pulsar: A resource-control architecture for time-critical service-oriented applications.,Osama Rashed Sayed
Cyber Crime: How Technology Makes it Easy and What to do About it.,Theodore Hailperin
Error analysis for a non-standard class of differential quasi-interpolants.,Chih-Yuan Yao
Improved Robust Video Saliency Detection Based on Long-Term Spatial-Temporal Information.,Karl-Heinz Best
On the Numerical Solution of Fredholm Integral Equations of the First Kind by the Inversion of the Linear System Produced by Quadrature.,Alper Korkmaz
Issues in International Public Data Networking.,Arun Mittal
"Automated detection and localisation of duplicated regions affected by reflection, rotation and scaling in image forensics.",Qiqi Wang
An effective fusion defogging approach for single sea fog image.,Roy Edgar Hansen
Factors Influencing Continuous Breath Signal in Intubated and Mechanically-Ventilated Intensive Care Unit Patients Measured by an Electronic Nose.,Diogo Poças
Mobile Applikationen im Recruiting und Personalmarketing.,Robert Finger
An Advanced Voltage Support Scheme Considering the Impact of Zero-Sequence Voltage Under Microgrid Faults Using Model Predictive Control.,Adel El-Faraskoury
An iterative approach for sparse direction-of-arrival estimation in co-prime arrays with off-grid targets.,Di Li 0003
An Optimized Cost Flow Algorithm to Spread Cells in Detailed Placement.,Chaojiang Wu
Meeting Food Quality and Safety Requirements with Active and Intelligent Packaging Techniques.,David Dagan Feng
Finding Rectilinear Paths Among Obstacles in a Two-Layer Interconnection Model.,Luca Schenato 0001
How Attention Changes in Response to Incentives.,Andrzej Omieljanowicz
Real-time event detection using recurrent neural network in social sensors.,Le Deng
Contextual Factors in the Appearance of Consumer Robots: Exploratory Assessment of Perceived Anxiety Toward Humanlike Consumer Robots.,Aku Riihelä
Structural Analysis of Cloud Classifier.,Dok Nam Lee
A Unified Algebraic Approach to 2-D and 3-D Motion Segmentation and Estimation.,C. G. Parthipan
Semantics of Multiplicative Propositional Signed Sequent Calculi with Structural Rules.,Laurent Chupin
Modeling Coverage in Camera Networks: A Survey.,Dan Suciu
An attitude-driven web consensus support system for heterogeneous group decision making.,E. A. Mary Anita
The game coloring number of pseudo partial ,Chaojiang Wu
An enhanced AHP-TOPSIS-based clustering algorithm for high-quality live video streaming in flying ad hoc networks.,Huiqin Xie
SAR Target Configuration Recognition via Two-Stage Sparse Structure Representation.,Naohisa Komatsu
Syntax and Semantics: A Categorical View,Naohisa Komatsu
Chapter Two - Integrated platforms for blockchain enablement.,Lukasz Maksymiuk
Evaluating the user-centredness of development organisations: conclusions and implications from empirical usability capability maturity assessments.,Kwok-Kai Soo
Central versus local multiple stage inventory planning: An analysis of solutions.,Babak Farzad
Feature Extraction in Character Recognition with Associative Memory Classifier.,Dok Nam Lee
Editorial pointers.,Adel El-Faraskoury
Distributed Nesterov Gradient and Heavy-Ball Double Accelerated Asynchronous Optimization.,E. A. Mary Anita
Intra-Cluster Distance Minimization in DNA Methylation Analysis Using an Advanced Tabu-Based Iterative $k$k-Medoids Clustering Algorithm (T-CLUST).,Guangyuan Pan
Linear Complexity of New Binary Sequence Derived From Polynomial Quotients Modulo p in General Case and Their Generalizations.,Amir Shmuel
Steganographic transmission in optical networks with the use of direct spread spectrum technique.,Abbas Heydari
Further results on time-free P systems.,Arthur J. Davidson
Application of the Generalized Hamiltonian Dynamics to Spherical Harmonic Oscillators.,Haowei Xu
Convergence and steady-state analysis of the normalized least mean fourth algorithm.,Amaro de Sousa
Practical Verifiable Encryption and Decryption of Discrete Logarithms.,N. C. Simpson
Solving quadratic programs to high precision using scaled iterative refinement.,Astrid Tannert
LMI conditions for global asymptotic stability results for neutral-type neural networks with distributed time delays.,Danni Zhu
A quantum related-key attack based on the Bernstein-Vazirani algorithm.,Dariusz Fabianowski
Optimal Power for Microwave Slotted Probes in Ablating Different Hepatocellular Carcinoma Sizes.,Louise A. Mawn
Hiding Secrets in Plain Sight.,Andrzej Omieljanowicz
Remote Sensing Scene Graph and Knowledge Graph Matching with Parallel Walking Algorithm.,E. Lerzan Örmeci
Hierarchical Layouts for Photo Libraries.,Arthur J. Davidson
"ACM/Springer Mobile Networks and Applications (MONET) Special Issue on ""Advanced Mobile Applications and Intelligent Multimedia systems for Ubi-Com"".",Hai-Wei Sun
Bidirectional Optical Spatial Modulation for Mobile Users: Toward a Practical Design for LiFi Systems.,Alper Korkmaz
A Global Linear and Local Quadratic Noninterior Continuation Method for Nonlinear Complementarity Problems Based on Chen-Mangasarian Smoothing Functions.,Chi-Sang Jung
Dynamic anti-windup based control method for state constrained systems.,Theodosios Pavlidis
Horizontal Auto-Scaling for Multi-Access Edge Computing Using Safe Reinforcement Learning.,Bettina Klaus
Coincidence of cooperative game theoretic solutions in the appointment problem.,Haowei Xu
Tame and wild kernels of quadratic imaginary number fields.,Danni Zhu
Probabilistic visual secret sharing schemes for grey-scale images and color images.,Heike Siebert
Impact of Monsoon-Transported Anthropogenic Aerosols and Sun-Glint on the Satellite-Derived Spectral Remote Sensing Reflectance in the Indian Ocean.,Chaojiang Wu
Mining Architecture Tactics and Quality Attributes knowledge in Stack Overflow.,Amir Bozorgzadeh
On the Declarative Specification of Models.,Björn Berghausen
Phasor Estimation Algorithm Based on Complex Frequency Filters for Digital Relaying.,E. Lerzan Örmeci
Dissociated multi-unit activity and local field potentials: A theory inspired analysis of a motor decision task.,Andrew J. Hinchley
A Generalized Geodesic Distance-Based Approach for Analysis of SAR Observations Across Polarimetric Modes.,Mazen O. Hasna
A content based image retrieval system for a biological specimen collection.,Oliver Marschollek
A modification of kernel discriminant analysis for high-dimensional data - with application to face recognition.,Guangyuan Pan
A Special Section on Cognitive Computing for Internet of Health Informatics Things.,Gabriel M. Silberman
An integrated MOGA approach to determine the Pareto-optimal kanban number and size for a JIT system.,Moulay A. Barkatou
A Lattice-Partition Framework of Downlink Non-Orthogonal Multiple Access Without SIC.,Mazen O. Hasna
Road safety performance function analysis with visual feature importance of deep neural nets.,Oliver Marschollek
Simultaneous Domination in Graphs.,Hermano Frid
Existence of fuzzy prekernels and Mas-Colell bargaining sets in TU games.,David T. Wong
Self-Selected Task Allocation.,Aida Pliuskeviciene
A note on the Distance spectral radius of some graphs.,David Alan Grier
A discontinuous Galerkin finite element method for directly solving the Hamilton-Jacobi equations.,K. R. Ramakrishnan
GA-PPARM: constraint-based objective function and genetic algorithm for privacy preserved association rule mining.,Keecheon Kim
Comprehensive Application of Spatial and Reasoned Thinking in Physical Education.,Vera Tilson
On the expected time for Herman's probabilistic self-stabilizing algorithm.,David T. Wong
Mobile Technology for Foreign Language Teaching: Building Bridges between Non-formal and Formal Scenarios.,Anton Schiela
Digitale Transformation im stationären Einzelhandel.,Hidehisa Yoshida
Social Media: An Eccentric Business Communication Tool for the 21st Century Marketers.,David T. Wong
Coupling strategies for the numerical simulation of blood flow in deformable arteries by 3D and 1D models.,Cynthia Jane Solomon
Modeling allosteric signal propagation using protein structure networks.,Lianjun Xiao
Array of Organic Field-Effect Transistor for Advanced Sensing.,K. R. Ramakrishnan
Problem-based learning as an effective tool for teaching computer network design.,David T. Wong
"Papers Invited from the 12th International Conference on ITS Telecommunications, Taipei, Taiwan, November 5-8, 2012 [Guest Editorial].",Diogo Poças
Homophily and Social Norms in Experimental Network Formation Games.,Hermano Frid
Effects of Modulation Techniques on the Input Current Interharmonics of Adjustable Speed Drives.,Jiaqi Zhang 0001
Calculating the Maximum Execution Time of Real-Time Programs.,Osama Rashed Sayed
User-Like Executives.,David Dagan Feng
"An informational distance for estimating the faithfulness of a possibility distribution, viewed as a family of probability distributions, with respect to data.",Anna Maria Paganoni
A Variable Step Size LMS Algorithm Using Fuzzy Logic.,Diogo Poças
Large-scale Cortical Network Properties Predict Future Sound-to-Word Learning Success.,Alper Korkmaz
A pragmatic approach to integrated process/device/circuit simulation for IC technology development.,Theodosios Pavlidis
Trading rule discovery in the US stock market: An empirical study.,Huiqin Xie
Online education for developing contexts.,Babak Farzad
"Hilfsbereit, verständnisvoll, bescheiden: Problematik und Folgen von weiblichen Voice Assistants.",Arun Mittal
Numerical Minimization of Dirichlet Laplacian Eigenvalues of Four-Dimensional Geometries.,Haowei Xu
Cerebrospinal fluid control system.,Theodosios Pavlidis
Using Reputation Systems and Non-Deterministic Routing to Secure Wireless Sensor Networks.,Arvind Ramanathan
Performance modeling of microsecond scale biological molecular dynamics simulations on heterogeneous architectures.,Amir Bozorgzadeh
FUCEM: futuristic cooperation evaluation model using Markov process for evaluating node reliability and link stability in mobile ad hoc network.,Heike Siebert
Fast computation of Legendre moments of polyhedra.,Huijun Wu
Mathematical programming models for piecewise-linear discriminant analysis.,Diogo Poças
Which security policies are enforceable by runtime monitors? A survey.,Arvind Ramanathan
Euclidean Distance Approximations From Replacement Product Graphs.,Andrzej Omieljanowicz
Face morphing attack detection and attacker identification based on a watchlist.,Chia-Lung Yeh
A modified cumulant matrix for DOA estimation.,John T. Fredricksen
Fast k-Nearest Neighbor Searching in Static Objects.,Akira Suzuki
A Design Method of bursting Using Two-Parameter bifurcation Diagrams in Fitzhugh-nagumo Model.,Hai-Wei Sun
E-medical diagnosis support system for non-invasive liver fibrosis recognition.,Arvind Ramanathan
Austin Center for Design.,Kanad Chakraborty
Information: 'I' vs. 'we' vs. 'they'.,Fabio Nobile
On-line Construction of Two-Dimensional Suffix Trees.,John T. Fredricksen
Prototyping: generating ideas or cargo cult designs?,Aida Pliuskeviciene
Systematic Integration of Design Methods.,Arvind Ramanathan
New March Tests for Multiport RAM Devices.,Guangyuan Pan
Applying Case-Based Reasoning to Tactical Cognitive Sensor Networks for Dynamic Frequency Allocation.,Hidehisa Yoshida
Validation of the SARAH-E Satellite-Based Surface Solar Radiation Estimates over India.,Arthur J. Davidson
Block-level packet recovery with network coding for wireless reliable multicast.,Gabriel M. Silberman
Gewissensbits - wie würden Sie urteilen?,Arthur J. Davidson
On the applicability of the Fujisaki-Okamoto transformation to the BIKE KEM.,Chaojiang Wu
A Minimum Arclength Method for Removing Spikes in Empirical Mode Decomposition.,Kwok-Kai Soo
Integral geometry for the 1-norm.,Daniel Troy
The changing mouse embryo transcriptome at whole tissue and single-cell resolution.,Hai-Wei Sun
Two-Pass Bilateral Smooth Filtering for Remote Sensing Imagery.,Adel El-Faraskoury
Considerations on the multiplexing and diversity tradeoff in ieee 802.11 networks.,M. I. Cohen
Short-Term Loan.,N. C. Simpson
An admission control algorithm based on matching game and differentiated service in wireless mesh networks.,Ahmed M. Mohamed
Federated Learning-Based Cooperative Spectrum Sensing in Cognitive Radio.,Abbas Heydari
Design principles for the glycoprotein quality control pathway.,Theodore Hailperin
An Upper Bound for Ramanujan Primes.,E. Lerzan Örmeci
On a Free Boundary Problem for a Strongly Degenerate Quasi-Linear Parabolic Equation with an Application to a Model of Pressure Filtration.,Abbas Heydari
Theoretical development of a probabilistic fuzzy model for opinion formation in social networks.,Hermano Frid
Workshop on multi-dimensional separation of concerns in software engineering.,Karl-Heinz Best
Joint segmentation and classification of retinal arteries/veins from fundus images.,Theodore Hailperin
Correction of Wavefront Tilt Caused by Atmospheric Turbulence Using Quadrant Detectors for Enabling Fast Free-Space Quantum Communications in Daylight.,Laurent Chupin
Real-time multiview data fusion for object tracking with RGBD sensors.,Bettina Klaus
Unsupervised Deep Joint Segmentation of Multitemporal High-Resolution Images.,Gabriel M. Silberman
Guest Editors' Introduction: Special Issue on Cloud of Clouds.,Hermano Frid
MDP-based handover policy in wireless relay systems.,Astrid Tannert
HanLP-Based Technology Function Matrix Construction on Chinese Process Patents.,Laurent Chupin
NFS-cc: tuning NFS for concurrent read sharing.,Abbas Heydari
Publishing Artificial Intelligence Research Papers: A Tale of Three Journals.,Norman F. Schneidewind
Literate specifications.,S. Twomey
An Operational Approach To Program Design.,Huijun Wu
Independent Updates and Incremental Agreement in Replicated Databases.,Anita Schöbel
Creating Face Models from Vague Mental Images.,Keecheon Kim
Critical diversity dimensions influencing effective diverse workforce: a grey-DEMATEL approach.,Chaojiang Wu
Solution algorithms for the generalized train unit shunting problem.,Chaojiang Wu
Impact of Factors Influencing Cyber Threats on Autonomous Vehicles.,Cynthia Jane Solomon
Guest Editors' Introduction: Special Issue on Autonomous Systems Design.,Ming Zhang
Application of adaptive multilevel splitting to high-dimensional dynamical systems.,Vera Tilson
Penalised spline estimation for generalised partially linear single-index models.,Erik Meineche Schmidt
Improving the Adversarial Robustness for Speaker Verification by Self-Supervised Learning.,Kanad Chakraborty
Are Malware Detection Classifiers Adversarially Vulnerable to Actor-Critic based Evasion Attacks?,Abbas Heydari
Sample size estimation in diagnostic test studies of biomedical informatics.,N. C. Simpson
On rank of block Hankel matrix for 2-D frequency detection and estimation.,André Raspaud
Harmonisierung divergierender organisationaler Kulturen in öffentlich-privaten IT-Partnerschaften.,Anton Schiela
Initial Boundary Value Problem for Model Equations of Resistive Drift Wave Turbulence.,N. C. Simpson
A constructive approach to examination timetabling based on adaptive decomposition and ordering.,Astrid Tannert
Ranking configuration parameters in multi-tiered e-commerce sites.,Dariusz Fabianowski
High-Level Synthesis of Number-Theoretic Transform: A Case Study for Future Cryptosystems.,Chaojiang Wu
Almost Lyapunov functions for nonlinear systems.,David Perry
On nonmetric similarity search problems in complex domains.,Vera Tilson
A DEA approach for evaluating the efficiency and effectiveness of urban transit systems.,Erik Meineche Schmidt
"The Yale human grasping dataset: Grasp, object, and task data in household and machine shop environments.",Adriano Meta
"Review of ""Concurrent and real-time systems: the CSP approach"" by Steve Schneider. Wiley 1999.",Alper Korkmaz
Interference alignment in K-user multiple-input-multiple-output interference channels with partially coordinated receivers.,Lianjun Xiao
Design and application of integrated parabolic soft actuator.,Vera Tilson
Formal solutions of singularly-perturbed linear differential systems.,Ahmed M. Mohamed
Computing-in-Memory for Performance and Energy-Efficient Homomorphic Encryption.,Hen-Wai Tsao
Analytical Methods for CDMA Systems with Parallel Interference Cancellation: The Large Deviation Approach.,Vera Tilson
Affinity Propagation Clustering of Measurements for Multiple Extended Target Tracking.,Gabriel M. Silberman
Fast and Reliable Estimation of Multiple Parametric Images Using an Integrated Method for Dynamic SPECT.,Dinesh Manocha
A high-resolution method for the depth-integrated solute transport equation based on an unstructured mesh.,E. Lerzan Örmeci
ggparliament: A ggplot2 extension for parliament plots in R.,E. A. Mary Anita
Encode Imaging System Parameters as Distribution to Improve Reflection Generation and Removal.,Björn Berghausen
miR-196a-2 Promotes Malignant Progression of Thyroid Carcinoma by Targeting NRXN1.,Guangyuan Pan
Universal Synchronous Rectification Scheme for LLC Resonant Converter Using Primary-Side Inductor Voltage.,Theodosios Pavlidis
Monocular Semidirect Visual Odometry for Large-Scale Outdoor Localization.,Adel El-Faraskoury
Improving Human Decision Making through Case-Based Decision Aiding.,Daniel Troy
An efficient weak sharpening detection method for image forensics.,Hermano Frid
Flexible Transaction Dependencies in Database Systems.,Adriano Meta
Professional ethics and social responsibility: military work and peacebuilding.,Guangyuan Pan
Allowing for the effect of data binning in a Bayesian Normal mixture model.,Moulay A. Barkatou
Local bifurcation Boundary and Steady-State Security Boundary in Large Electric Power Systems: Numerical Studies.,Guangyuan Pan
Monotonicity properties of wholesale price contracts.,Erik Meineche Schmidt
Distance Oracles beyond the Thorup-Zwick Bound.,Erik Meineche Schmidt
Maximum semi-matching problem in bipartite graphs.,Dinesh Manocha
MM-DSS: Integrating multimedia and decision-making knowledge in decision support systems.,Babak Farzad
Feature-basierte Modellierung und Analyse von Variabilität in Produktlinienanforderungen.,Louise A. Mawn
Problem 11378.,Adel El-Faraskoury
Software Productivity in DevOps.,Arturo Molina 0001
SMS Banking: An Exploratory Investigation of the Factors Influencing Future Use.,Roy Edgar Hansen
Improving amplify-and-forward relay networks: optimal power allocation versus selection.,Anita Schöbel
Updating the Agenda for Academic Libraries and Scholarly Communications.,Alper Korkmaz
Creating accessible educational multimedia through editing automatic speech recognition captioning in real time.,Hen-Wai Tsao
An extended KCF tracking algorithm based on TLD structure in low frame rate videos.,Kanad Chakraborty
An adaptive memory methodology for the vehicle routing problem with simultaneous pick-ups and deliveries.,Moulay A. Barkatou
Into Scandinavia: When Online Fatherhood Reflects Societal Infrastructures.,Arthur J. Davidson
Localized measurement of image fractal dimension using gabor filters.,Oliver Marschollek
Representation Learning for EEG-Based Biometrics Using Hilbert-Huang Transform.,Erik Meineche Schmidt
"Code Growth, Explicitly Defined Introns, and Alternative Selection Schemes.",John T. Fredricksen
On constrained 2-Partitions of monochromatic sets and generalizations in the sense of Erdos-Ginzburg-Ziv.,Fabio Nobile
Comparison of magnetic field distributions generated by various permanent magnets for transcranial static magnetic stimulation: A simulation study.,Björn Berghausen
Does virtual reality affect behavioral intention? Testing engagement processes in a K-Pop video on YouTube.,S. Twomey
Nucleotide sequence of tryptophan tRNA from Bacillus subtilis.,Heike Siebert
Das Regionale Wirtschaftsarchiv in Berlin.,Kanad Chakraborty
Reformulations for general advection-diffusion-reaction equations and locally implicit ADER schemes.,Kanad Chakraborty
Dimension quotients of metabelian Lie rings.,Babak Farzad
Density of Extremal Sets in Multivariate Chebyshev Approximation.,Hermano Frid
Influence of the residual stress state of coatings on the wear behavior in external turning of AISI 4140 and Ti-6Al-4V.,Daniel Troy
Editorial on the special issue of RTNS 2020.,Robert Finger
Markov Chain Model for Events Following Induced Abortion.,Lukasz Maksymiuk
An Enhanced Secure Authentication Scheme for Vehicular Ad Hoc Networks Without Pairings.,Kwok-Kai Soo
Path partition for graphs with special blocks.,David Alan Grier
Shape symmetry analysis of breast tumors on ultrasound images.,Dinesh Manocha
Piezo/Tribotronics Toward Smart Flexible Sensors.,Huiqin Xie
"Triangular intuitionistic fuzzy random decision making based on combination of parametric estimation, score functions, and prospect theory.",Kwok-Kai Soo
"Reminiscences ""Back in the Good Old Days..."".",Andrew J. Hinchley
Open hypermedia for product support.,Keecheon Kim
Correspondence of Trap Spaces in Different Models of Bioregulatory Networks.,C. G. Parthipan
The effects of transparency on trust in and acceptance of a content-based art recommender.,Adriano Meta
An Evolutionary Dynamic Control Cuckoo Search Algorithm for Solving the Constrained Engineering Design Problems.,Fabio Nobile
Intelligent Modeling and Verification 2014.,Amir Shmuel
MyGeoHub - A sustainable and evolving geospatial science gateway.,David Alan Grier
Computational origami environment on the web.,Ilan Abramovici
An efficient volume- rendering algorithm with an analytic approach.,Arturo Molina 0001
Product Cost Management Structures: a review and neural network modelling.,Chaojiang Wu
UCL facsimile system.,Danni Zhu
A discrete water cycle algorithm for solving the symmetric and asymmetric traveling salesman problem.,Erik Meineche Schmidt
Human-computer interaction and standardization.,Huijun Wu
"Software engineering: a programming approach 2nd Edition : D Bell, I Morrey and J Pugh Prentice-Hall (1992) 338 pp £16.95 ISBN 0 13 832536 7.",Andrew J. Hinchley
Objective Methods for Reliable Detection of Concealed Depression.,Anna Maria Paganoni
Argumentation and CP-Boolean Games.,Di Li 0003
The Conditions of Solvability of the Inverse Problem of Operator Equation for a Pattern Recognition Neurooperator Model.,Guangyuan Pan
A Semantic Approach to Virtual World Standards.,Aku Riihelä
Convergence of Sparse Collocation for Functions of Countably Many Gaussian Random Variables (with Application to Elliptic PDEs).,Hermano Frid
Protocols for reliable data transport in space internet.,Renbiao Wu
Joint transmit antenna selection and precoding for millimeter wave massive MIMO systems.,Haowei Xu
Stabilizing an Uncertain Production System.,Aku Riihelä
Small-Cell Assisted Group Paging for Massive MTC in LTE Networks: Design and Analysis.,Oliver Marschollek
A Wave Digital Newton-Raphson Method for Virtual Analog Modeling of Audio Circuits with Multiple One-Port Nonlinearities.,Chia-Lung Yeh
A novel factorial design search to determine realizable constant sets for a multi-mechanism model of mixing sensitive precipitation.,Mazen O. Hasna
An O(n log n) Algorithm for Rectilinear Minimal Spanning Trees.,Duyan Bi
An Energy Efficient Sink Location Service for Continuous Objects in Wireless Sensor Networks.,Chi-Sang Jung
Linear transformations for cross-lingual semantic textual similarity.,Cynthia Jane Solomon
Offline signature verification using shape correspondence.,David Dagan Feng
Analysis of the Reliability of LoRa.,Dariusz Fabianowski
Improved Electric Field Distribution Within Bushing Insulation by EP/GO Nanocomposites With Reduced Temperature Coefficient of Conductivity.,Osama Rashed Sayed
"Incomplete Markets, Allocative Efficiency, and the Information Revealed by Prices.",Norman F. Schneidewind
A forward-backward fragment assembling algorithm for the identification of genomic amplification and deletion breakpoints using high-density single nucleotide polymorphism (SNP) array.,Chaojiang Wu
Comparison of four mathematical models to analyze indicator-dilution curves in the coronary circulation.,Erik Meineche Schmidt
Time discretization and stability regions for dissipative-dispersive Kuramoto-Sivashinsky equation arising in turbulent gas flow over laminar liquid.,Gabriel M. Silberman
Intraoperative visualization of cerebral oxygenation using hyperspectral image data: a two-dimensional mapping method.,Qiqi Wang
Drivers and barriers for secure hardware adoption across ecosystem stakeholders.,Huiqin Xie
Development of a Novel Burned-Area Subpixel Mapping (BASM) Workflow for Fire Scar Detection at Subpixel Level.,Kwok-Kai Soo
Erste Überlegungen zur Erklärbarkeit von Deep-Learning-Modellen für die Analyse von Quellcode.,Bettina Klaus
On the Convergence of Decentralized Gradient Descent.,Babak Farzad
Developing the New Learning Environment: The Changing Role of the Academic Librarian.,John T. Fredricksen
"Deanna Marcum and Roger C. Schonfeld. Along Came Google: A History of Library Digitization. Princeton, NJ: Princeton University Press, 2021. 232p. Hardcover, $25.99 (ISBN: 978-0691172712).",Le Deng
Fourier Transform over Finite Groups for Error Detection and Error Correction in Computation Channels,Lianjun Xiao
Expanding risk consideration in integrated models - The role of downside risk aversion in irrigation decisions.,K. R. Ramakrishnan
A Hybrid BCI Based on SSVEP and EOG for Robotic Arm Control.,Huiqin Xie
k-Efficient domination: Algorithmic perspective.,Chi-Sang Jung
Control of clock signals.,Aida Pliuskeviciene
Efficient Gridless Angle Estimation for Bistatic MIMO Radar With Planar Arrays.,Andrzej Omieljanowicz
Effect of Game Based Balance Exercises on Rehabilitation After Knee Surgery: A Controlled Observational Study.,David T. Wong
A Simulation-Based Approach to Decision Making with Partial Information.,Qiqi Wang
Candidate List Reduction Based on the Analysis of Fingerprint Indexing Scores.,Huijun Wu
Power allocation in vector estimation systems with the impact of wireless channel uncertainty.,David Dagan Feng
Toward Universal Stripe Removal via Wavelet-Based Deep Convolutional Neural Network.,Arvind Ramanathan
Local search heuristics for multi-index assignment problems with decomposable costs.,Arturo Molina 0001
Private Cloud-Infrastrukturen und Cloud-Plattformen.,Laurent Chupin
Dynamic changes in the secondary structure of ECE-1 and XCE account for their different substrate specificities.,Ahmed M. Mohamed
A clustering detector with graph theory for blind detection of spatial modulation systems.,Lukasz Maksymiuk
Inferring Bias and Uncertainty in Camera Calibration.,Constant Solimando
Keyword Search Over Probabilistic RDF Graphs.,Kanad Chakraborty
Incremental-data stealth-transmission method in DSSS.,John T. Fredricksen
An extensive evaluation of seven machine learning methods for rainfall prediction in weather derivatives.,Daniel Troy
Bottom-up action modeling via spatial factorization for serving food.,Diogo Poças
Correlation analysis of target echoes using distributed transmit array.,Kwok-Kai Soo
Secure Transmission in Linear Multihop Relaying Networks.,Adel El-Faraskoury
Group Divisible Designs with Block Size Four and Group Type ,Theodosios Pavlidis
Learning the Graph Edit Costs Based on a Learning Model Applied to Sub-optimal Graph Matching.,Arturo Molina 0001
Informationssysteme in der Medizin.,Jan Camenisch
DMFA-SR: Deeper Membership and Friendship Awareness for Social Recommendation.,C. G. Parthipan
mpC: a Multi-Paradigm Programming Language for Massively Parallel Computers.,Chi-Sang Jung
A computer-aided approach to identify novel Leishmania major protein disulfide isomerase inhibitors for treatment of leishmaniasis.,Diogo Poças
On the edge-density of 4-critical graphs.,Guangyuan Pan
Distributed Dual Gradient Tracking for Resource Allocation in Unbalanced Networks.,Gabriel M. Silberman
Technological innovations in hospitals: what kind of competitive advantage does adoption lead to?,Constant Solimando
On the Calculation of Squaring Loss in Costas Loops with Arbitrary Arm Filters.,Bettina Klaus
tacmagic: Positron emission tomography analysis in R.,M. I. Cohen
Domain-Independent Queries on Databases with External Functions.,Arthur J. Davidson
Secondary use of electronic health record data for clinical workflow analysis.,Christopher I. Amos
Performance-Driven Assignment of Buffered I/O Signals in Area-I/O Flip-Chip Designs.,Amir Bozorgzadeh
"A Common Set of Perceptual Observables for Grouping, Figure-Ground Discrimination, and Texture Classification.",Osama Rashed Sayed
Estimating the extra costs imposed on delivery vehicles using access time windows in a city.,E. A. Mary Anita
A deep learning based method benefiting from characteristics of patents for semantic relation classification.,Luca Schenato 0001
Generic Automorphisms with prescribed Fixed Fields.,Laurent Chupin
Ten Hot Topics around Scholarly Publishing.,Lianjun Xiao
Reconstructing Binary Signals by Rule-Based Fuzzy Equalizer with Self-Organizing Capability.,Lukasz Maksymiuk
Scene Coordinate Regression Network With Global Context-Guided Spatial Feature Transformation for Visual Relocalization.,N. C. Simpson
Shape-Driven EIT Reconstruction Using Fourier Representations.,Andrzej Omieljanowicz
Computing the Newton Polygon of the Implicit Equation.,Chi-Sang Jung
Neutrosophic Logic Based Quantum Computing.,Bettina Klaus
On the origin of distribution patterns of motifs in biological networks.,Naohisa Komatsu
Vector quantization of excitation gains in speech coding.,Aida Pliuskeviciene
Constructing Optimal Highways.,Hermano Frid
Annular Neighboring Points Distribution Analysis: A Novel PLS Stem Point Cloud Preprocessing Algorithm for DBH Estimation.,Mazen O. Hasna
Factor copula models for multivariate data.,Fabio Nobile
#IamMetiria: A qualitative case study of agonistic welfare policy debates on Twitter.,Jiang Ma
Finite-Time Peak-To-Peak Filtering for Nonlinear Singular System.,Babak Farzad
MagicVO: An End-to-End Hybrid CNN and Bi-LSTM Method for Monocular Visual Odometry.,S. Twomey
"Statistical Modeling, Simulation, and Experimental Verification of Wideband Indoor Mobile Radio Channels.",Ming Zhang
Interpreting AI and its place in our worlds.,Chia-Lung Yeh
Acoustic Features for the Identification of Coronary Artery Disease.,Astrid Tannert
A CCD-ADI method for unsteady convection-diffusion equations.,Amir Shmuel
A Novel Decentralized Analytical Methodology for Cyber Physical Networks Attack Detection.,Hai-Wei Sun
Generalized techniques for solving intuitionistic fuzzy multi-objective non-linear optimization problems.,Qiqi Wang
Maximizing Barber's bipartite modularity is also hard.,Bita Alipasandi
Austin Group Status Update.,David Perry
Incremental holistic controller.,Huijun Wu
Prediction of Subsurface NMR T2 Distributions in a Shale Petroleum System Using Variational Autoencoder-Based Neural Networks.,Erik Meineche Schmidt
Polar permutation graphs are polynomial-time recognisable.,Diogo Poças
Newly Elected CIS Administrative Committee Members (2021-2023) [Society Briefs].,Osama Rashed Sayed
Temperament trait Harm Avoidance associates with μ-opioid receptor availability in frontal cortex: A PET study using [,Karl-Heinz Best
Reversible computing and implicit computational complexity.,Lukasz Maksymiuk
"SaffronTree: Fast, reference-free pseudo-phylogenomic trees from reads or contigs.",Wirt Atmar
An Adaptive Infeasible-Interior-Point Method with the One-Norm Wide Neighborhood for Semi-definite Programming.,Abbas Heydari
Multi-Agent Deep Reinforcement Learning for Trajectory Design and Power Allocation in Multi-UAV Networks.,Anita Schöbel
Multi-Invariance ESPRIT-Based Blind DOA Estimation for MC-CDMA With an Antenna Array.,Osama Rashed Sayed
Notes on the simulation of evolution.,C. G. Parthipan
Functional Fault Simulation as a Guide for Biased-Random Test Pattern Generation.,Andrew J. Hinchley
A Reliable Protection Scheme for Fast DC Fault Clearance in a VSC-Based Meshed MTDC Grid.,Jan Camenisch
CMPF: Class-switching minimized pathfinding in metabolic networks.,Amir Shmuel
An autonomous IoT service placement methodology in fog computing.,Hai-Wei Sun
Quantum Indistinguishability of Random Sponges.,E. Lerzan Örmeci
Sybase System 11 Online Capabilities.,Ilan Abramovici
ILClass: Error-driven antecedent learning for evolving Takagi-Sugeno classification systems.,Andrew J. Hinchley
New Proposed Algorithms for nth Order Butterworth Active Filter Computer-Aided Design.,Luca Schenato 0001
A new lower bound for the minimum distance of a cyclic code.,Andrew J. Hinchley
A Stochastic Joint Replenishment Problem with Dissimilar Items.,David Alan Grier
Gains and limits of diversity techniques in cognitive radio systems.,Jiaqi Zhang 0001
An accuracy improved hearing aid readout circuit using a gain-enhanced and OTA-free pseudo-PLL feedback technique.,Amir Bozorgzadeh
Dynamic establishment of restorable connections using p.,Norman F. Schneidewind
Simulation of a pediatric hospital in evacuation considering groups.,Arthur J. Davidson
"A Stochastic Formulation of the Dynamic Assignment Problem, with an Application to Truckload Motor Carriers.",Di Li 0003
Left truncated and right censored Weibull data and likelihood inference with an illustration.,Chi-Sang Jung
Technology entrepreneurial styles: a comparison of UMC and TSMC.,Hermano Frid
Block-Based High Performance CNN Architectures for Frame-Level Overlapping Speech Detection.,Björn Berghausen
Input-to-State Stabilization of Nonlinear Systems via Event-Triggered Impulsive Control.,Fabian Rothmaier
Defending the Boundaries: Identifying and Countering Threats in a Usenet Newsgroup.,Erik Meineche Schmidt
Optimal policies with decreasing probability of imperfect maintenance.,Hady Pranoto
Weighted and Controlled Frames: Mutual Relationship and First Numerical Properties.,Anna Maria Paganoni
Two Poset Polytopes.,Osama Rashed Sayed
A make-to-stock production/inventory model with MAP arrivals and phase-type demands.,E. A. Mary Anita
Leader-following mean square consensus of stochastic multi-agent systems with ROUs and RONs under periodically variable impulse time windows.,Alper Korkmaz
Integrated Geophysics and Geomatics Surveys in the Valley of the Kings.,Aida Pliuskeviciene
