Name,Year,ConferenceId
COOPER,2020,bbdf1af1-f2b5-4220-a976-9ad7eefce379
ICDM / Web Intelligence / IAT,2020,133cb0de-df28-41ed-9021-05829b1bde94
SpringSim (HPS),2022,ec0cd84e-e3d5-4cb1-88c0-98d21b711368
WEA (1),2017,a6cabfee-12dd-4e45-972a-4d9d1562bd3a
Numerical Methods and Applications,2018,3129eceb-4dd7-4a19-81ff-f0060aba96ef
ICTRS,2019,c5079680-b248-44d1-8809-677bde497eed
ECCV (38),2020,a3095fcf-526e-404b-8ec7-4a1ab09a13b2
ICCBSS,2018,25ed0290-2c64-428b-90b0-782f4d9554ce
Empirical Methods in Natural Language Generation,2018,379fe419-2aa6-46c2-a5d7-f72454ce01ad
MFCS,2020,27c91b26-659d-4571-8ee2-8d064190614f
ISPW,2021,de74e8c4-1557-47bf-a7c8-0b265c33930d
Logic at Work,2018,8ff81357-a5a9-4034-814c-281746dea186
ICACS,2022,ed078d6e-6cdb-490e-bdeb-52b12ae0fd9b
CHEOPS@EuroSys,2019,a5acffcb-8d2e-42d5-84b7-2846d9e56ced
PITR@EACL,2022,7b226cb0-1812-4b34-b0fe-62c797021f7c
SmartObjects@CHI,2020,e3d50d07-bf6a-4675-aef4-315373dbd81c
D/PDPAR@IJCAR,2021,ce06d35e-52f3-42cf-bb26-23c58792962e
Belief Change in Rational Agents,2020,b53e50ab-7622-419c-b41c-41d004e22574
FGCS,2020,9c5625ee-4909-4362-93fc-96faebdca08c
BDVA,2020,18d82fd7-d849-4f5c-ab78-db4da8a69573
AMTA (Tutorials),2019,c9074bc5-4772-407b-9eb9-a5a8efe1faab
ABZ,2019,5961b425-9f36-4400-9c09-810c1e25daf4
ISPDC,2017,0ec16c3e-9acb-4370-a2d8-9ac626763817
ACII,2017,aaa92466-1e28-4079-a924-c58efcb21f57
SVV@ICFEM,2018,3d6e040d-ea02-402b-b067-c24447026553
MultiLingMine@ECIR,2019,5fec735c-a7c2-42f2-9824-7fbcbb627d37
ISGT Europe,2019,71fb9b7f-bf74-4af7-9bac-4c9356a3a513
eBISS,2019,db50497f-23b1-445c-9325-b14efb4464e5
UC,2020,bc3f0a65-fd17-416e-9353-a42053ebfb29
Offene Multifunktionale Büroarbeitsplätze und Bildschirmtext,2021,ea998014-fa66-4b73-9eab-46ac9dd62b5f
CORES/IP&C/ACS,2017,990c2341-fbf0-4c00-adc0-b92928cb0f1b
WNACP@NLDB,2018,5b13b708-ec92-4ac7-b131-4d64b0651e56
I3E (1),2017,cc76016d-0ff5-49f8-b113-a0fe0708e5d1
Business Process Management Workshops (2),2022,ffb6a757-c72e-4c3c-ae46-0f29ccd96462
CSR,2017,5584fe6c-81e1-4c53-83d0-e818ba3a6964
CIAC,2020,f2a1b24d-1c36-4af1-89ca-a3a3e30c00aa
Urb-IoT,2022,93e25c27-1693-4560-b50f-6db394fd9e11
EP,2019,cf1860c9-fe5f-40b8-9b94-b893ec5853b8
BIFE,2018,1e198a5e-e174-4025-9bd4-33830f5628bb
ICC,2019,2491074c-4c78-406a-bcab-9cd6199bb644
AHFE (2),2020,7138e9bd-eec0-43ee-aa70-89445ae0f86a
ACT4SOC,2019,e3d368c0-3f97-4358-93a6-61bd9ce51ddd
ICCIP,2022,3b4ba9db-3a22-4d2a-9999-e0b76fcf7ae5
IntCAD,2019,1ff5c865-9a2f-4778-a0b1-d3b7120d1169
APAQS,2017,b94bc009-e0e7-4b5d-89e9-0001f7656295
LoCA,2019,07e3d389-9627-4ce8-93c5-a84f17c76291
IWESQ@APSEC,2021,d7bf378d-7882-4b21-845c-747bdf88da8b
LISC,2019,cbd34e68-616e-468f-ace9-2d8928edb024
ISSTA,2020,e09ed21f-d01b-4134-b7e6-e771a7371fbd
IMSCCS,2022,48f0f6db-49d4-47ac-b631-280f9183766d
CSSE (6),2021,3675a3b3-5394-4414-957a-27580d092f8c
Replication,2022,fbdd8497-1734-499e-be4b-b6b3202acaf5
ISNN,2021,de0abc72-c563-4a4b-9b2c-1ced499fd7cd
AII@iConference,2020,ed571816-ff99-45b7-8cbe-6464c15532cc
ICBDE,2022,295213fd-66da-4831-8e83-9efc0778e7cd
UKCI,2018,4462c7a7-89bc-4a27-b760-39428502620c
RSEISP,2018,4a73f91a-d4f8-4923-859c-58af9f3a9f84
ISICA (1),2020,7944bbce-3b20-420d-bf7f-07ad5549760e
Workshop on Abstract State Machines,2018,742e2c56-4177-4eba-b47b-46fd1d563786
Cyber Security And Protection Of Digital Services,2019,a15cc8c4-7b97-48bf-9d46-2ba55f079661
ICPCSEE (1),2021,26dddc48-dc5f-44bc-b5f4-4ccece596300
MIT-JSME Workshop,2017,ed0879cd-a720-43ea-ab7e-f5d8b02a31d8
ECIR,2022,509b24ff-c0e5-4d83-825c-310639a80dd4
SLTU-CCURL@LREC,2019,38dd5c8b-59a8-454f-b4f7-2866628425f2
AfCAI,2018,be74119d-4ce4-49b5-918c-8673aa9674ab
MTV,2020,1aa394f7-1e39-4007-974e-864d527af2ef
WECWIS,2019,b052c2b7-c2d8-42b2-8736-114cc2a28bd2
ACSAC,2017,4e921566-4839-46b4-b366-6e3d851e06db
CITRisk,2022,c69e8789-ccb6-42e3-abd0-3ebf04c072e2
Electronic Dictionaries and Automata in Computational Linguistics,2021,2124dcca-559a-454e-8b53-53a14dbdc920
IOTSTREAMING@PKDD/ECML,2019,a92a029f-ab52-43dc-91f1-4e55ae3dac4d
MMMI@MICCAI,2022,f2cb55a6-982c-42a1-bb01-6b59ff9f6f34
SSVM,2017,174ccbae-b427-43c3-9dc1-a5007820e638
VISIGRAPP (Revised Selected Papers),2017,94553a0c-4314-47a8-95f1-104e83f6709f
WICSA Companion,2017,fbe73c44-804a-4a3c-92fc-b9965889ffa8
IoTofHealth@MobiSys,2021,4d3c9254-1c5e-4511-afcf-dca2539cfa35
Expert Systems in Engineering,2021,59354be1-1e25-4fd5-9779-1f42941228e5
WOA@AI*IA,2018,1daadadb-a2de-40b1-8623-f5496a4e11a0
HUMANIZE@IUI,2021,a0315f4c-ae51-4380-b064-18e52a8292ad
LSDS-IR,2017,2cb51dc5-72fd-4324-a1e2-04a8d1d1a2d9
Concurrency,2018,682aed03-f520-4ea8-ba23-36506395902f
Bridging@CogSci,2020,8d2ba3fc-ced9-4bd1-835c-8ae337d3e69c
SI3D,2017,e3cb44de-e92f-40fc-99d6-4e90c938a16a
DIONE,2021,75524e5a-17eb-44ee-9543-7773d176fb25
MASCOTS (Revised Selected Papers),2020,686383db-ca38-490b-972e-d2803c18dffe
Eurographics (Dirk Bartz Prize),2018,2b0cfca8-1eb5-4c5d-a3d2-962deb97bde7
CORIA-TALN-RJC (TALN 2),2019,39c8a6ba-cd29-48e2-bdf5-ce8b837a8228
ECS,2021,d42e1495-5356-48d9-8dde-80d7017efb9b
iMIMIC/ML-CDS@MICCAI,2022,e7eed111-e16f-46df-a558-9e990afc1b88
Wirtschaftsinformatik,2022,2a9ddc4b-f095-4d1f-bbb8-67a1bee55f11
VIETCRYPT,2017,9a0de6ed-b117-4ffd-bed5-8a5b5a6bbe05
NFiS@EMNLP,2018,e3886e41-79bf-4701-8268-04008ee40a37
PCM (3),2017,be23bb6d-72f6-4479-9ca7-2995c8ea91da
"Mathematics, Logic and Computation @ ICALP",2017,42e4fffb-d2d7-4049-9059-3c5afc853c48
CQRE,2019,9f1a3211-f7ff-46ae-9627-028416b75dc0
Graph Structure Theory,2019,03e09d88-af9f-41a7-aee4-7d9bdb2e0717
EDBT,2020,d7ca323e-7c73-4ffe-bcd1-1345c8fe246d
IASSE,2019,57432b0d-570d-4a0e-9725-c66eae19b9b7
FOSD,2019,311ce612-fa6b-41b8-8c1e-fc498591caa1
ICQT,2021,b599e837-0ffd-4797-ab05-8737753e062c
IWLS,2017,c7d376f9-5924-4118-ae45-09bf84543d07
CLSW,2021,73071203-3fcc-494f-9924-0ee6a45596ed
SSP,2017,dc36c14c-ed32-44c2-8193-c8ddc0755d5a
MeshMed,2017,ab20ab09-3891-4859-b66b-9e1a4d286656
DSMLAI,2018,bc72ab14-f65c-402a-bc9d-f6d8e79cf864
Evaluation of Legal Reasoning and Problem-Solving Systems,2019,93a86df3-1bfd-4d33-b9d8-7a5a8c9da69d
RULE@FLoC,2020,7e50502e-0a46-4380-8a63-4c7db05c644f
OSIRRC@SIGIR,2018,fab7d563-f78c-4cf5-99cc-12162363e10d
ETIS,2021,9748e503-b49f-41ea-92a2-be8956b990ac
RITT,2021,759885a6-7d19-46fa-8158-14500f8ea0a5
ICQE,2021,89e34c01-0899-4419-b4e6-b5b5df12c8ff
ISSRE (Supplemental Proceedings),2022,3ab8eefa-e22e-4ece-b340-5aa30c690d61
MIREL@JURIX,2018,e2177e10-78e3-4a6f-9ced-8532c1e9ec44
BNAIC,2018,84aa6e87-e772-47f2-a1d8-3aa3491e6faa
ESEM,2018,1d3b92ce-3161-4a65-b2d6-9b715c9ccf1f
CIFEr,2022,cb7638e1-f79a-4e13-b66e-374c06c89391
OptSys@SIGCOMM,2021,44cd65d2-42f7-4465-a844-8fe047747881
COIN@AAMAS/IJCAI,2020,d4a75937-fa60-4049-8f1f-7a844abc3ef2
ICMRE,2017,0cdb011c-a28c-42ad-9696-d85d331b0208
TOOLS (49),2020,f4a34698-9660-445e-a880-3ebe134705fd
Repräsentation und Verarbeitung räumlichen Wissens,2017,4cb9d4a7-00c1-4cb8-859e-d3f20f514fbc
Agro-Geoinformatics,2018,60d3b065-b5ce-496e-a853-70fb8c61f9e1
SAT (Selected Papers,2021,dde364e0-fe88-42aa-b97f-df3ad97a0d47
HiPar@SC,2019,e4d8c1de-ada1-48c2-ae81-4f840b95ead3
TwinPeaks,2020,01738342-c822-4770-84f0-b170bbcb0ef2
IFIP CAI,2020,ea38fdf6-93ff-48f9-b5e7-11c82be35396
ASIS SIG/CR Classification Research Workshop,2020,ac6748eb-a3f4-40fb-91ba-2cb64e4a53cb
BTW (Workshops),2020,6ebcd548-2069-401e-8d09-b6d2b726430a
FMIS@ICFEM,2020,dabe215c-2b3f-4c58-aa46-541cdfdfd451
ICA,2018,8a46ce4a-79c1-43d2-a4b1-08cc84b61805
SecITC,2020,058e7528-9335-403f-a272-4c69ae19a2b9
SETE,2020,b5b3651b-99de-4121-9dc4-c5cb202d04b4
DepLing,2022,d5cdec71-5879-44a7-b6c2-ea26da50f4eb
ICCCS (2),2022,133a5cee-564e-45ed-b4a7-314d49b1aba6
Cryptographic Algorithms and their Uses,2018,f9f531d6-35e6-44eb-a5c6-ad3e9502b5ca
MELT@SIGSPATIAL,2017,3e5e02d5-3780-400f-85d2-e923fe114807
SAMI@iKNOW,2022,47d6f5a8-4bff-4fe4-92a5-86a9f46d42ca
Onward!,2018,37715ee3-7a5b-400d-a898-05b88317f093
LLVM@SC,2021,6b7137da-b5c0-4bc4-8d4e-941f7cb3fb04
ECCV Workshops CVAMIA and MMBIA,2021,4dbf8adc-d0a7-4627-b86a-70690393e011
BMSB,2018,0592e262-2634-4749-bfc8-603af429851a
MSA,2022,6b3a27c3-ebe5-466d-ae8c-cf5f581b5797
SIGGRAPH Classes,2019,94a36669-c426-497b-a76f-3e87b39e3c95
PLM,2022,7e71345c-110b-4cc8-bc1d-ecce1fc3b280
Algorithms and Applications for Next Generation SAT Solvers,2018,0c0c024e-8667-49b5-9cf4-890e7c6db495
Deterministic and Statistical Methods in Machine Learning,2021,000d9af3-81dd-4daf-a8d0-287fd7d9cd96
Pascal - The Language and its Implementation,2018,17e12254-6858-486c-9e62-adc208d48c42
Blockchain,2020,d4febb62-ef46-446e-89f7-9b1946c45c5d
HCI (12),2017,212c2013-554a-4131-89c4-68c57540ae38
Banff Higher Order Workshop,2018,92fecc45-514c-481c-9cb6-d5506063d0da
DeCaF/FAIR@MICCAI,2020,74cb3807-55d8-46c1-8a86-00d23e101a8c
MiSE@ICSE,2018,6ca0bfd8-1fe5-4a97-8aa5-917a5a27c453
AOIS@AAMAS,2018,0fe08653-5e84-488c-b4db-46b657f75953
UNet,2017,e14afc13-ef0a-468e-bd13-3f6fd0bc0036
OCL@MoDELS,2021,2be61494-d313-4fc6-bb44-12bb6e7b90b3
Analysis of Dynamical and Cognitive Systems,2021,de781688-8417-4662-9033-360725780295
EuCNC,2022,b426fb97-28f4-4e54-aac3-2c222656753f
MICCAI (Challenges),2017,0022474d-a7da-4b88-a6ef-99a493c7b902
GOL,2018,c176d691-5e4b-4a64-a795-770d59c3501e
ICLP Workshop: Legal Application of Logic Programming,2017,18faa2e9-3a63-4ed9-9863-83e7cca8f926
SEKE,2017,ad90de34-e50c-4633-9e49-8367d31de8a8
M-CAIT,2019,77a85130-f49b-4d70-b75a-2b9e281997f0
ISWC (Posters/Demos/Industry),2018,791511cc-61e0-4dd8-aec2-ebcf2f726f9e
WEIS (Springer Volume),2020,9f1419a7-cc79-4b31-b8f2-fb59531195d0
Eurographics (Invited Papers),2018,2c78929d-df8a-47ed-a756-ac96f6b667dd
WOMPAT,2019,7ed64bde-5f1c-4b5a-8b97-4c3db65642d6
WISATS (1),2022,1a10e85b-81cc-4e0b-9b3b-c40ca39a879b
DICT@HPDC,2022,726f9413-d70a-42f3-9460-02af53d1e1d2
ICIKS,2018,fa72e51b-1b9c-46e9-88e8-2987535f3913
NDT (2),2020,c16d34a6-fbc1-4a76-907f-0a80701af548
"Words, Semigroups, and Transductions",2017,578372ea-c573-4bc2-83f3-b804d20d1ff5
AMPM@JURIX,2018,aebccaf4-93a6-42d7-a1ec-0765e50af8ad
RANLP Student Research Workshop,2020,8cb22810-2583-48c2-8127-50eb5262a175
MoDELS (Satellite Events),2017,fcde2b4f-cb30-4558-a583-47871518dbfb
ISICDM,2021,52c0096b-7d4e-4d07-a73d-2baa11fafc25
KI Workshop on Reference Ontologies and Application Ontologies,2019,adac56c1-80d6-4113-873e-05b409920e46
QP4SE@ESEC/SIGSOFT FSE,2018,40fe811a-85a7-43e6-a6de-08f66f61af96
ARCS Workshops,2020,4d1890f1-9f19-4333-aa47-cbc817852bba
EuroVis,2020,69ec3a82-f555-433c-8a50-9ae614ac5862
MCDM,2020,4b2224f3-a7ae-484f-9342-ada490ee03b8
AIDB@VLDB,2017,ebee19d9-2dab-4514-8cbb-6079f2d1b4f0
EUSFLAT/IWIFSGN (1),2021,ce059781-b397-4794-a4d3-58ab104f61bc
BIOINFORMATICS,2022,c3e3fff8-e3af-4139-9406-7d93f508dbe1
MILCOM,2021,9b4db436-7222-4c5e-9149-af763c3365e1
VLC@COLING/ACL,2019,98f62623-3d96-47f9-a429-e02f90561c1d
INTUITEST@ISSTA,2019,dc9ec496-d41e-4deb-b51f-a54deba1da5e
AIRE,2018,91ff7936-3df0-4db5-a0c0-509fae77ef31
SDSOA@ICSE,2022,c8d98215-4669-4929-9044-3799e71d4fde
JSAI Workshops,2019,9f152115-127d-43d9-94a3-6249f359da3a
MTSummit (Posters),2019,53a28e65-cab2-43b3-b7bc-16be804a3ea1
SIGCSE-2,2019,f2a642c9-22cd-448a-9168-6470245d583d
SEFM Workshops,2021,ed58fd32-d6d6-4db2-8dcf-f0126e544ce8
iNetSec,2022,d99c14e7-d6cf-4d73-8931-4e27a680ba20
Spatial Cognition: Specialization and Integration,2022,b2a00e39-9823-425f-90f8-833cfefdeb04
DSN (Supplements),2017,9ba672ab-de31-4200-9285-a90897eeea70
ICMS,2019,410a0559-c485-4cb6-9135-b55ff2e2cb28
PRDC,2019,da734000-14f8-4ba9-8110-844aff0f3b39
3DVis@IEEE VIS,2017,3283763a-b85d-4bdb-8538-16e334c4eaa6
IEEE International Conference on Multimedia and Expo (II),2019,871118c9-54f5-4c7b-8652-c64f2a9215d4
ISABEL,2019,11d4c9f7-fa7a-4ab4-86e9-09e11a30593a
Computational Combinatorial Optimization,2022,56ec24aa-cfd2-4b7b-9516-dff38b48cbb0
"Learning, Planning and Sharing Robot Knowledge for Human-Robot Interaction",2017,c86543be-e6c0-4470-9edc-4f0efb9c4485
SETra@ICGT,2022,97ef11e4-4573-4fb3-b938-100ccb3b81b7
InterIoT/SaSeIoT,2021,06115faf-9cbd-4361-981e-3dd1fdbb1d40
KCICTP/ITEM,2022,ba87febe-54b5-4d4d-af71-f63375e7fc09
IWSW,2019,b2f4a0d2-c4b4-449d-bf54-4ebe9a6bcc1a
VRIC,2017,0de4e1bb-35e6-495d-89c4-30bc161bb86c
Artificial Intelligence and Pattern Recognition,2018,d153b3ad-7c00-4a4c-81d5-e22e662b1189
SIGSMALL,2017,f839a620-85ce-4d7b-9711-d21cae706ebe
Machine Learning and Its Applications,2017,7fc5578b-6675-4a93-b043-98fc82e645c5
IDA,2019,538d70ca-80d4-47e1-b5aa-ea15fda02f00
SENSORNETS,2017,9c41160d-e016-40e9-b742-4aee1bd02759
TextInfer@ACL,2020,0f03db6e-639b-41eb-95f9-11ed21bd8e87
Transputer-Anwender-Treffen,2019,311adc7d-ab00-4ca8-87e4-900b81061a4a
EmC-ICDSST,2018,5f660a81-ef21-446f-8a0f-df6a139bcd4d
ICPR Workshops (5),2022,98010fd3-0ba4-4125-8663-1c1c880abf53
iPMVM,2017,3fc59480-b2c2-496d-9f2f-a250675338ae
APPROX,2020,165bda81-645d-4fc8-a31c-886c6677db4d
3DIM,2020,798496fb-260c-41c0-9acc-09ba87cd3987
PNSE,2019,316c3832-5dfe-4b6d-afd8-8e47670f1df4
GameSys@MMSys,2018,c82d1563-8b6b-4d22-9d88-d55332bfcbf7
ACIVS (1),2017,b5506161-977f-4056-8162-61e3d0d558aa
LMO,2021,832f3b76-a901-4622-b94a-d334e61f855c
ReArch@CoNEXT,2020,8fbb0a7a-a15d-420c-9bc6-d068697da98b
Wireless Days,2021,4b933940-192d-464c-bd72-7e049e33a00e
EAAMO,2021,e6f55c0b-61c6-43e6-a734-f44f49c4d5ec
Network Security,2017,2f14d358-2aad-461a-8f7f-2077f1ee6ad5
User-Centric Networking,2017,f6122ddb-b6e7-4261-a9c0-fd799d690196
HCI (33),2018,e44e7703-a7ee-4ed4-af88-20e9c0b1bdc5
IWPACBB,2022,1dde8600-8514-49d2-abe6-72ed539d0afb
MultiTemp,2022,6e783898-680c-4f30-8e7f-e30eb0d5da62
CompIMAGE,2021,a36f3011-476e-4118-9e66-9f94517ac77a
PlanSIG,2017,25503d79-fbb3-4144-b3fe-9333c1f7a04a
MORS@RecSys,2022,fbaab6b2-da66-4369-87e8-513bb387a40c
MobiQuitous,2020,8259400b-436d-4eae-8ba7-cc77a153fca3
VMIL@SPLASH,2021,cf50b111-fffb-4bc0-aba9-a54a6dfbea74
DARe@ECAI,2018,96035e9f-2708-4f30-a2a8-493ec80bc979
Technologies for Collaborative Business Process Management,2022,f6eca00a-7ae0-493a-b1a2-6b985f811de4
EON,2018,8841575e-6c3d-45bd-9e43-207ef01c3bc7
AIUCD,2018,6df83afb-e4ab-4ba9-a836-d33535f44561
SNS,2020,633e7674-1779-416d-8d71-8e256e5a26c4
BCD,2022,3aa9ce9c-5b8c-499f-be70-1cbc40908297
Future Directions in Distributed Computing,2018,18d9e0cf-5d87-4826-a997-64eb6e9af4f0
Computational Imaging,2021,3d593821-529e-485b-8563-34e1c73e845d
EuroCG,2021,01958005-10b2-4cf2-b527-63d73bf3d406
SeGAH,2022,9a89bb9f-e023-493d-9e12-82c0c6741b69
ebTEL,2021,6e570916-efaa-47bd-8868-623f89ab1346
PRESTO@CoNEXT,2020,08fed889-2f23-45e2-ab98-f23738c2ce50
LDQ@SEMANTiCS,2018,8eb1403e-1311-47b9-95ee-9a35ffb70231
e-Energy,2021,162418b5-e088-4e68-ad43-732037c3a91e
IEEE International Workshop on Rapid System Prototyping,2022,f08b4e77-5770-45ac-9030-e3d948d91168
IMVIP,2020,8c0ae477-0680-4c88-9b1c-bbec8a460839
SIGPLAN Workshop,2022,7f95a8b6-9c4e-44a6-95a2-625a2dc300bd
SocProS,2021,621842aa-7567-4157-abdf-a692986e1357
ICNSC,2021,37f5ff1e-db45-44d4-a7f9-7ae5a5992c56
ACAL,2022,8a295e04-abf0-4889-854d-d1701bd286b3
Astroinformatics,2020,e87ff4f1-e8b7-4df6-a05e-39e787aaca88
EuroSPI,2020,bfc0606b-ef63-427b-af83-94d7437d0b66
FIFI/OMIA@MICCAI,2022,4e70872d-2649-4052-93cc-76b4bba50ed7
ICTSS,2022,567a2fba-2f12-46fe-89cd-7c906a775fc6
Knowledge Construction in E-learning Context,2020,4422d917-a9c5-4c81-81d1-ef62476eca3e
AAAI Workshop: Learning for General Competency in Video Games,2020,38c55fe5-868a-45f0-8c3e-a263ddf46e65
VNBA,2020,755e9bda-3108-46b1-b9b2-ca9ce726b341
EuroRV³@EuroVis,2021,fb4ae155-9789-4855-902c-07bcf35e29b9
Data Networks with Satellites,2022,ab30d79e-7ef6-4fc9-8fca-1fab0c00dbba
ADB,2019,ffd82315-8d0d-4e21-9893-56352df43237
LASCO,2018,3a9571d9-f40e-4cd7-9cf1-7623988a0b2e
IJCAI,2018,eb682d99-c8bb-4600-8b6f-3477bc1a2035
EMSASW@ESWC,2020,cbd3fa65-e518-420d-ab34-6d18b6c3d3f7
ISPA/BDCloud/SocialCom/SustainCom,2020,5dc09c0e-840c-47e1-85c8-47911a67cd2b
LISS (1),2022,e724c8d5-257c-4766-84c2-ffc0c0507e6c
LoG,2021,1c07d5de-5578-4e9e-adce-9278108f1276
EMO (1),2021,507ec914-9da0-4c28-a106-27e97660feb9
JERI,2018,055bc753-801b-45f6-b2e5-03938caad7c3
NAACL-HLT,2020,9f43a9ef-88c5-4e34-a09e-3d8a01cf5ab9
CCSW,2019,c870f976-0c8a-4f3e-bfb7-967e61e42778
ISNN (1),2018,c9e9f133-9bb2-4cd8-b4b0-5782c164faa4
DCNET/OPTICS,2021,5002ea77-ba55-4841-b0e4-dbee8cff251a
MMOSS,2020,582e6444-196c-4847-a7b9-1f8dc3212050
EuroMed (2),2018,1d05f303-794f-47db-9ad8-68510cc69ef9
SIES,2019,39c56df7-68c8-4442-b14d-bdf1ace6d393
VECPAR,2019,b03570cf-1913-44b1-aae5-736ad34006f5
ML,2018,f9929e87-d919-4850-950e-bf0f33cd300d
CARLA,2018,90f9c15e-ee16-4c81-bb56-ec69905bc18a
IWCIA Special Track on Applications,2022,6c48dbba-9fce-481f-a7d7-61b1d8d2f39e
ANNPR,2017,f401c159-4d29-4ae2-929e-786d23b0b17d
ManLang,2019,23a72c3d-7db4-4cbe-94d6-c450a467ca03
LSCS,2020,43df1b40-c949-492e-adf8-28170e4cd398
SDCTD@NAACL-HLT,2018,efba5afb-aaef-4383-9b3e-4920a3b6bd96
Integrated Broadband Communications,2017,a8afbc39-0563-47a1-950b-1ded3f538390
Comparative Genomics,2020,5068a4a9-1bca-4c6e-b8a1-b0b6c264b670
Advances in Computer Graphics,2019,e6bcf53b-232f-47c8-b65a-9e2b6abeca4d
BCC@AsiaCCS,2022,5b4b59de-6ebb-4702-9339-c10aa2d389a4
DRCN,2021,83f87065-3f4e-41ee-99ce-a12098c93cb9
Eurographics Workshop on Programming Paradigms in Graphics,2021,c7d76b2f-207c-4b24-967e-51803d175ba3
Experimental Software Engineering Issues,2018,8d2002e2-1b96-4363-a8c3-15b52b07127f
SAICSIT,2020,cc3fb500-bbc9-4b85-b383-3a33147f4ac1
ESSE,2020,cd52474a-d2c8-4726-8852-4e8ee354ce06
IJCB,2021,ac3edf89-f82a-4936-ad23-235d62cbec2b
LAFT@LICS,2022,e0eecd82-db70-4d85-8d27-80c92b32c32e
iSES,2020,38e640d1-f0f0-4f62-9b95-90367f46a402
IPMU (3),2018,4e1171a2-2244-453c-85de-8cf545b70362
APL Session Tutorials,2017,2d7814ce-e5bd-4178-a5a2-7966507819ff
AHFE (14),2020,35e4e36b-3bbc-434e-b98e-3c64787f9c2b
EESR,2017,86407812-499d-40f8-a064-19b4824729d0
NLPCC (1),2019,25a0da9f-a82f-4ae6-8da1-3bbda4824278
ICDCS Workshop on Group Communications and Computations,2017,4d245cfe-f664-48eb-a327-92014bfd24d4
IJCNLP (Tutorial Abstracts),2019,b290713a-5ad0-4f0d-b894-6a626c46cd3c
BWCCA,2020,d6519947-dd0e-45f9-8ca1-07a60f106329
DFMA,2020,ef5011a1-cd83-47d1-b9bf-07b18a90d863
CSAE,2020,a0413c77-4eb8-4ffa-af8b-336b07ef29e7
Interactive Multimedia in University Education,2022,41377a03-dc80-4f60-87f4-1c2f1a83327e
NCM (2),2018,c9fa8905-8887-4542-833f-a8f5255ff4df
Foundations for the Web of Information and Services,2019,2a31fb9f-d08f-472c-aa69-918ee4e91acf
S-Cube@ICSE,2022,95aa1c83-5681-4ba9-a711-18168f500bce
"Computation, Cooperation, and Life",2022,6e167f0c-cdfc-41bf-ab47-7b483e33ea30
SCIA (1),2018,e4578ebf-a763-401b-af06-53f51a030ca0
FBTC@CONCUR,2021,c01987b5-6d91-4464-b2aa-623a444de7ab
CMCL@NAACL-HLT,2017,7394602b-2af0-4e44-91df-72bd898c3463
IFSA/EUSFLAT Conf.,2020,01fd1c1f-e040-405b-9249-63ae3b8edd0a
BalticDB&IS,2019,360883b9-c3c7-433c-94f7-cc0950c5a580
IJCCI (Selected Papers),2017,ea011179-ae68-4eb5-85c8-c4dafa22dfd3
MuSRobS@IROS,2018,255d7b48-ec7f-4097-9257-53bc7826635a
ICCE-TW,2022,79bac7fa-2da3-4e9a-a639-75459c1c06d5
PLILP/ALP,2022,be141584-0583-4b99-b032-237d51381d84
Ambient Intelligence for Scientific Discovery,2017,1002f08b-3b27-4112-9b88-ef917416fc80
AAAI Workshop: Modern Artificial Intelligence for Health Analytics,2019,d8b80a26-d96c-444a-a6aa-98d767ebed15
IGCC,2019,b52db9d8-4572-4b6c-a9ac-191bad79ba3b
BNCOD Posters,2021,9dc806fe-ba4f-4327-ab6e-5695f684bf14
CAMSAP,2021,dc5f2d04-4fc8-483b-ad2c-a05fd7a06617
Communications and Networking in Education,2020,6e18e11d-ac1e-4d1f-abc1-5d64c3d38463
SSPS,2019,01bb6698-72c7-4083-8e3c-462294caf248
SLAP@ETAPS,2020,0a374a02-9e45-4ced-ade1-a7577539b8d3
Web Information Retrieval and Linear Algebra Algorithms,2017,f86dda87-1cb6-438c-b7ab-33b3ec296350
The Evolution of Conceptual Modeling,2020,7722a2dc-3dc6-4343-bf1e-bccc927e39e7
AutoSec@CODASPY,2017,ea06dec1-1eff-464e-885d-fa3bb85eb801
Globe,2018,daacd542-43ef-4083-b9c3-78f8d4d1c13a
IT Revolutions,2017,9944e6df-239f-485a-9e15-21b87b363d4f
WSKS,2022,caa88c36-6e08-4ace-b99d-fb2d5ed783cd
MCMP@MDM,2017,7cb22b2a-1f17-4589-8355-326658c3bec0
New Information Technologies in Organizational Processes,2021,70e0dec3-76b6-49fa-8dad-3b018d9f7d56
Begründungsverwaltung,2022,59f663ca-4cbc-4928-810b-6f38d47b990c
TAPP,2019,1a8b193d-f0b0-4213-9620-09fecfd46617
AMEC@AAMAS/TADA@IJCAI,2021,ccdc0a99-14b5-4bb7-8a57-806950761902
IC-AI,2021,2531b077-6233-4c25-9110-cc03c83c8198
TIA@MICCAI,2019,86819fdf-ed23-4aff-9624-f2b0e62c79db
SoftCOM,2017,a0ffd1ef-d0da-4b85-86ee-0efadc49a8c4
CySWATER@CPSWeek,2021,02dc63b3-c87d-4f6e-88af-d41317ee9438
ICVES,2019,14626444-5d8d-431d-8714-65550fd696bb
SibDATA,2017,e3c24eed-1b18-4aae-8abd-c141282d9d0a
Instinctive Computing Workshop,2020,973bde39-4244-463b-b593-20d29d22883c
IPSN,2019,55676c67-7ea4-49a1-8196-62c5aa2316a7
Algorithmic Aspects of Large and Complex Networks,2017,81f89382-61c5-40fd-8e38-3472a663e1da
CBI (Industrial Track),2022,d670dc12-63d1-4ef7-a24a-12195a095288
CeDEM,2022,a68d13b2-50e5-4c20-82f1-51956f23669e
Software Development Environments (SDE),2017,27fd7639-0264-4749-94d1-fc2adb499e0e
SIGGRAPH Asia Art Papers,2021,8709c9cb-ab25-42a3-9310-06eb0a012cb5
SBAC-PAD,2021,b8aeb86d-8119-4a3a-8e4f-7091261345b1
IEEE ICCI,2019,8fb629f6-f604-443e-ac08-7ef8bf5f096f
CHIIR,2018,5d7ae8a5-f10b-4617-9ca8-3aa2a6ee80e4
Graph Transformations and Model-Driven Engineering,2022,3b71455e-a994-4062-bf84-fdd2f8c2ec36
WebDB (Informal Proceedings),2021,b0496e94-3364-4b78-886a-b02915c54331
EVENTS@ACL,2022,398ed375-8bc5-4f3f-8f6e-40b23ab16536
HEALTHINF (2),2022,5434f71e-d42b-4600-a25f-9ab92644fb6f
MODELSWARD (Revised Selected Papers),2018,478e84ca-8265-40cf-a8a1-74ac865dae8c
SePublica@ESWC,2017,7ad4739c-8bf7-455b-86f0-62aeaaa8bd68
SECURWARE,2018,f18179ac-0034-4fef-9b99-ed7587131cad
BEWARE@AI*IA,2017,cacf139d-dbeb-4013-a1d2-a068d6fc7655
CSCW Companion,2020,7520e389-fad0-4421-8219-7bcddcf9a548
HPCA,2021,525501e6-77f7-4ee1-9105-58ab49643e36
ANRW@SIGCOMM,2019,9e693f02-b267-4647-95f8-df512d80f9e9
Beyond the Finite: New Challenges in Verification and Semistructured Data,2018,9be13f09-ff1b-4825-a2d7-6067b6880ea2
SemDesk,2019,bbea6a78-25d3-4716-92e6-fa49c94a45c1
COMMitMDE@MoDELS,2019,b6331794-1f69-483e-a8b6-9c7b6d88d144
LWDA,2019,4bd2b2a9-6bbd-467b-9d9c-fade20ccb02e
ICGJ,2019,e4eaa12f-2137-4f20-ba19-c7c18e932cb1
TRI-Ada Tutorials (2),2021,963e0d7a-5434-4cb5-a408-3f2d8971b37f
OTM Conferences,2019,1aac62f1-f897-4a36-bce7-2c1b8758461e
ICSPCC,2021,4b828c12-6dc9-41fa-b623-0a3fb39b1c38
Fundamental Problems in Computing,2018,0a464cb4-478c-43d9-a2c0-b498277e4689
DFT,2019,cec610ed-777f-4cb8-94fb-152ea6f0db93
DCPS,2019,c673cccf-cda3-4009-9737-1c5c023a0921
RAMiCS,2021,bc39e883-27b2-4efb-b5fc-85b58ea603bc
CSERC,2022,91509e33-9096-4ab4-8d1b-1e7a900c486d
HotPar,2021,565980d8-5ae9-4e2f-be9f-5c02e0bc0f76
ECCV (4),2018,fcc6aca0-3591-4496-837a-d541c75799f3
LILE@ISWC,2022,88b21d94-b364-4064-8601-e3cad0903025
ECOOP,2021,9235b37c-d72b-45ab-a038-35e3deae3c9a
CARTOCON,2020,11d66255-265f-4d2f-919a-f61e0441860e
AOM@AOSD,2017,dc7651e0-792d-4143-bb48-feb5dedf0d5d
Machine Learning for Dynamic Software Analysis,2019,7c91ce99-9169-4a92-8da3-df8ed088d426
MLHPC@SC,2020,aeb52225-e21e-4d94-b318-26db83365d96
Architecting Systems with Trustworthy Components,2017,1759dbbe-c45a-4e40-bc1c-a2d8f63b459f
ISSA (Revised Selected Papers),2018,cef9ad7c-7bb2-40fe-9669-a35eb7bf2c21
Workshop on Software and Performance,2020,51ccef5b-772b-4dc6-a50c-281e74cfa13c
HiPEAC,2020,14420efc-d425-446b-bf7f-fe64d6e1dfc0
HLT-NAACL (Student Research Workshop),2017,4ead1956-59e5-47c7-a95b-4fe3a41a420e
MODULARITY (Companion),2018,d7bfa458-921f-413b-a6c1-c5006916097f
PDIS,2022,7ea9cee3-f9bb-4263-af96-69eb0cb203dc
FSEN,2020,335474de-6f8b-4fee-ab64-3c7c6fcaf86e
MARC Symposium,2020,970c3dcf-1bc0-40a1-98a5-b93efbe2749c
SysTEX@SOSP,2018,69c1f68d-b74d-4f76-9c57-4cfc1167a4f0
CL&C,2019,c3e2d31d-7f27-4069-9829-c71fb481321a
JBI,2022,858f9303-bbbe-42cb-b552-83ad5179cf10
Rechnergestützter Entwurf und Architektur mikroelektronischer Systeme,2022,878b14f9-ba51-4e82-a9d5-6d96675ee2fd
KES (3),2020,af24ed16-16c2-45e3-805c-ffdf3794b809
ICTD (1),2019,35c5d3b0-d8ed-4a4a-9ff7-836c1e7ba007
HCI (24),2017,16beb1cb-d7ee-4026-95df-ad8d3f42fea8
CICLing (1),2019,22814588-c2d3-4e04-b3ca-a6f334aeacc4
ICFNDS,2021,5a5feda4-b712-45a9-a965-9f412a6f1dab
GCC,2022,30f09e9e-46e3-401d-a083-abde9859eba1
COLING,2020,08cb00fd-322a-4004-a928-3c11d55b8596
VCHCI,2020,010dd124-c574-4311-ab35-889cb7549f8b
MoDELS (Companion),2019,a31d59b3-2d9e-497c-be3a-1df4fb8cb8fb
AAAI Fall Symposium: Artificial Intelligence of Humor,2018,3a5e3522-d6e4-4311-b975-45e7cf1a0d60
SMC (5),2017,c9e77c0f-3929-4af1-8988-c5bfc3905094
GraDiFab@Eurographics,2022,02ab5ba9-80b3-4d59-abca-5430a03f6583
ICLP Technical Communications / Doctoral Consortium,2020,bca9d7f3-e15a-492a-a582-cc36d4fef361
UPP,2020,3c98ca0a-6fc2-478e-ac17-91f504330299
Constraint Programming,2018,3d2ea770-1438-4d6c-aead-5f32b0591b26
EvoDyn@ISWC,2018,f058b6c2-92d2-4b60-beff-6d9123402f72
Deduction and Applications,2019,202fd5e2-fa7c-420c-83fb-8dcfe88a8115
ECC (2),2018,0e3a83db-4ef7-4599-a384-a146d684795e
SAAKM,2019,b84a607b-b0a8-448a-8b68-150e0ac60e21
The Information Society,2019,89e1a6ad-ba6e-45dc-92b4-9f7457a4bcb2
BCICTS,2022,e072ff50-ef1a-4e92-85ca-3e12c8eaf7f0
ADC,2018,514ba781-726f-4dca-ba62-49988e62abbe
IoPARTS@MobiSys,2020,c02bcf16-a9c5-4531-b5ec-01c0975edd59
NanoNet,2018,6bedf073-04f0-49d5-b5f0-8d75aedaefe9
WiSec,2022,0c5b39be-591d-408c-849d-620123bfe94b
ICASSP (3),2018,5e38981d-f341-43ac-96b9-e9b4c4c9d52c
AAAI Spring Symposium: Challenges to Decision Support in a Changing World,2017,68d5f018-4980-4de6-9ace-0be2ae0b68a1
"Data Always and Everywhere - Management of Mobile, Ubiquitous, Pervasive, and Sensor Data",2022,dfa642fa-fc9b-4e97-ab10-049093dae3a5
TAP@STAF,2020,fb1ee049-808a-4700-afcb-15d2e1e17155
Atomicity: A Unifying Concept in Computer Science,2021,2ff96fa4-aba0-4ecd-bef4-39bfb3fbd777
SIGGRAPH Studio,2021,ca0cf882-54c1-4e58-9603-f6962178d658
LWI@ASE,2020,23ff04db-3f23-496b-b3db-a33eb45a0663
EPS,2018,4de3a7cb-1289-4087-95cc-be3ac05548e5
Design and Analysis of Randomized and Approximation Algorithms,2021,7e758d92-a523-4cf9-9c17-970963db61e6
ISEEIE,2018,4d908f28-7b42-4959-806a-170342be018e
CoNEXT Student Workhop,2017,54d3185e-a338-45be-8e98-cfe0a0fe9ccb
VDAT,2020,dbae5e76-fdd5-4da8-80ff-4bfa31642231
CTS,2017,a4b6aba0-3879-4145-a543-3a8f630f3c97
AHFE (3),2018,e3653fff-1f66-4414-823b-8eae95904d93
CompMod,2020,a40f091c-367a-4817-8425-b63f1ef8319c
ICTES,2020,372b5a61-e6d8-4556-85b5-7c9fa2d54682
ILADI@TALN,2017,c459a2c0-030e-4c65-b54a-fe5ba6e5cb09
Complexity of Computer Computations,2017,34d56962-a032-49ef-b8f8-d0623f1bc88c
MBMV (1),2022,b279bcc5-d319-4e5f-8a92-3b200e4d1bb4
AusCTW,2019,a3d249ec-c727-4312-aa5f-9f70b75f051e
CENTERIS (2),2020,eadefa98-4d2b-4495-a039-b6d0f4a504e0
HOPL Preprints,2020,9666719f-2c2a-4034-a42d-6bed9093bbaf
RIAO,2019,195eb98d-1bc4-47c3-b221-e83eb5a50ecc
IPPS,2017,4b589f66-ac7e-4efd-9e9b-54e3bfeb37c8
PPSN,2021,4390e183-6922-4de7-8f06-49a25e66100b
BRAINS/WS-AFFIN@AmI,2020,460baf82-f939-49e0-8bdc-8ce43d42eaf0
Nanotechnology: Science and Computation,2018,5ff217e2-3b81-41ea-afc1-78e164eeb5dc
Robot Navigation,2020,11446b04-f9e4-4476-9975-20b445353f87
FPT,2018,4f5b189c-ce65-4731-8313-d9b0f6f139dd
MASCOTS Tutorials,2020,d811d689-8c6a-4451-bb1b-b79e762962d9
WAHC@CCS,2017,674778f1-d0cf-4830-8c89-d24358c96526
EUMAS,2020,3d6e5b09-1999-4585-b9f9-1f2059d33a99
XAI.it@AI*IA,2021,ad30ab64-92f2-4c64-b423-0ba67b574a9b
IntelITSIS,2022,8595353a-3c02-45c0-a358-49a308f70140
HLT-NAACL (Demonstration Papers),2019,439b4688-20ae-4797-9598-38c101ed12da
UNIF@RTA/TLCA,2021,9c1488e3-c1e6-4c07-a7a9-7bd0d899ef9f
ECCV (5),2017,0bb93166-f0ae-4c8a-8d94-21937f6fca79
Firmware Engineering,2018,f6652945-b929-4f06-8a5f-7ff365c4854d
AINA Workshops (1),2019,008707c0-ffd9-44ae-877a-1b90a9e98bfd
EurAsia-ICT,2018,f270046a-99e9-4cc5-b0ec-a75359212a16
DISCO,2018,12126de1-1a43-48df-afbd-29301e3f1dda
ISDF,2018,6b7f233a-7821-4eb2-8a15-597eb2d3518c
IFIP Congress (3),2021,10bb4aed-a01e-4b9c-badb-c10a047c1438
RCoSE@ICSE,2020,2043699f-8612-4378-936a-806f755f5780
NSDR,2020,f6862009-b630-4049-8aec-4ea54744f11f
AISS,2017,c1a14395-2c97-4b94-be24-b42171823b4b
Middleware Doctoral Symposium,2022,c1ab94b4-b905-49e6-8cab-7adeb9d4c971
AusDM,2022,c944d88b-1631-4883-9a31-a88b633f5ef6
NPC Workshops,2017,2e224f5e-5a83-4a6e-b48c-168341da8e03
VAAM@ICPR,2020,03a67eb4-9a35-41ac-a5ae-e4a380ef47b2
InfoSec,2021,605eeea2-ebf1-4d03-958f-5f6130885f9d
CONFENIS,2021,6b4bc930-850c-4ba8-be44-7d6fdafb9dec
UCAmI,2019,ee4bd6e7-d37c-40d5-9834-83c2e6d0ad2a
BigDataService,2017,892891b5-f4bf-48b8-902d-09a3fee30a5d
AFSS,2020,87eb4a7d-ad43-47f3-afc8-1ef7af076a38
TIME,2017,955971c9-8695-420e-a7d1-5c2e0cc68785
UDM@IJCAI,2019,a107205c-5adb-407b-98ad-6822fe21cc56
NoF,2019,d50d66a7-8f6d-42ab-9c9e-975d4a059267
RFID-TA,2019,b514a40d-de85-476f-9a38-903166ed4855
CIR2AT,2017,3ed766ad-36ab-4c86-a5af-51e70aca14df
Parcella,2017,7c23d0ea-a860-4ed1-84d8-89bca1be60f4
SPOT@ESWC,2018,13907d10-8a43-4734-b0b3-afa12695967a
ROCLING (1),2019,5bbf0655-2e15-4777-b37b-8280d3ad412a
ECCV (32),2022,3c9375b0-125f-4b03-b751-1c9e23ec3d60
BPM,2021,61a8ba61-f05c-4aa9-8339-c36b3dea290f
IPTC,2022,ee52e258-d931-4601-b54d-81f7228561bb
"Three-Dimensional Imaging, Interaction, and Measurement",2020,f6062bdf-7eeb-4ed2-a496-5aa25a691cf3
Grand Challenges for Discrete Event Logistics Systems,2018,5228a71e-2a55-480c-b4b3-6f82f1d1e273
CoNLL Shared Task,2017,b09e12d0-af29-40e9-938e-6b82a4c98a61
PLATE@AOSD,2022,a9e75e9d-5c93-40e2-b640-28f77300c484
Computer Animation and Simulation,2019,6717163d-af25-4fc3-aaae-1485f288cb2c
Discovery Science,2021,252e8328-df09-4017-aeeb-1307def44b2a
CSIE (4),2020,c6024fe8-febf-492d-8394-611b43de8e09
SafeCert@ETAPS,2019,0c251ff5-8661-4343-91f0-a9dd59ecf97d
SE4SG@ICSE,2019,c5ccfbbb-79a2-4849-88a0-1c378c5fa8b9
WPTP@AMTA,2022,c0f126b9-6408-4cd6-a038-45ec5b466329
IMS,2021,c933e476-784d-470d-8b70-7bab1b7fc319
ASCoMS@SAFECOMP,2018,168d9c1c-335d-43f0-b9b1-274b1a4c4444
PEPM,2021,54327ffe-0aba-49c4-ad4c-93e0ee8a34ad
GMAG,2020,671ecc07-7fa7-44a4-a35f-1d68e6ad7753
ISRR (1),2020,b07e872b-6e78-4b49-a4a6-a0540fdd3d9e
CVHI,2021,499e4c3d-ca9a-471d-83d5-7f960249b7d3
CAiSE Industry Track,2022,db6251f1-dff9-4902-9161-a33e253b7ae2
Reasoning with Uncertainty in Robotics,2022,85f07a7b-cfff-416f-a57b-185ba1bb908d
SSCT,2019,0462f9bc-9f8d-47b7-b726-2ce711fdc2cd
ECML,2020,1e536156-fe02-4d09-b7c6-d54515808f07
Advanced Course: Fundamentals of Artificial Intelligence,2022,2005ab3d-f5fc-4052-b90a-1b8715ff6377
COOTS,2021,c543a5ec-7cae-4347-9594-f5b93b20fdb8
DTTL,2018,28acc163-2e3f-436a-9dd5-73116195adab
SmartIoT,2017,9d55a210-6eb5-4db0-9ad5-1019e5214ffe
NLPerspectives@LREC,2018,172653af-c609-4783-acba-0db959381719
SIGGRAPH ASIA (Art + Tech Showcase),2021,ea917847-dcab-4201-9ab0-98581d16b6e1
DCASE,2022,4fdc8a0d-b72b-4707-9bf8-51e02811c275
SIGGRAPH Asia Haptic Media And Contents Design,2022,646b1031-4991-49a4-a414-20d8c120a5e3
PMBS,2017,8e28a6f5-30f2-4714-902a-3f953f459b7a
Informatik im Umweltschutz,2022,1a0d148c-5aa5-4572-85a4-a6b6707255e5
LANCOMM@SIGCOMM,2021,bff4d9ee-b52b-4ecb-bd0e-92ff4352c9f3
HotWireless@MOBICOM,2017,ebe1c582-ad65-4d6c-94c4-276300421309
DCC,2021,c1458f0e-92ef-4a91-b284-26b8871b970b
"Computational Structures for Modelling Space, Time and Causality",2021,85690c13-0c86-4f17-b0d7-078891e9e83a
SEHC@ICSE,2020,17246a71-296a-4822-9beb-670b1fbb6b3f
HRI (Extended Abstracts),2019,0bb111a4-2480-468b-b2be-a707dcc17b45
Informatiktage,2020,0259f9f5-6b9c-4c7a-a14b-b3ea175d94a5
EPEW/WS-FM,2021,710569af-a239-4438-8389-457804395dc4
UK Parallel,2022,d028d60b-1b28-4c34-9078-5785e2d9e53f
SIGGRAPH Game Papers,2020,0e234a27-0374-49ef-a4fb-846f5bcbedb2
WPES,2020,7adb2810-ebfe-4a74-bc47-7ca8944dea0d
Microservices,2021,0ae02692-8d13-4bcd-9d28-e036ec96620b
SATBI+SWIM,2022,da1222d1-e0d2-4714-abfa-d0d4c2e89665
PROOFS,2022,ad24d592-aee4-4e3c-80bd-5eb4c6744266
AHFE (10),2019,f5a8d4fc-d2ac-4c54-8c83-98d9a7916500
Biomechanics of Anthropomorphic Systems,2019,fb966e61-1b22-49b0-8f58-5037b9eb4e55
"Computation, Meaning, and Logic",2017,a828bfbe-6c19-4156-ae1c-febb7f3b71bc
BCCA,2018,1bbef676-4ace-409e-86fb-7bb0b6afa685
Computer and Telecommunications Performance Engineering,2018,a7d5e2c7-9e0e-4838-8e42-db7ee4c5c768
XCR,2020,942bdf93-69bb-45e9-b2b4-f111fd3c8042
SAMOS,2018,aa3c264c-6f55-4631-b24e-3b5fbe989e14
Mashups/Dataview@ECOWS,2020,b4a5e2dd-738c-4aa2-8417-b6741321823f
CLPsych@NAACL-HTL,2020,292d4645-b8b7-40f0-8f41-868f9473bc3f
IWGS@SIGSPATIAL/GIS,2022,8a6ceef8-f84e-44f6-9ac3-e4abae42895d
ACM Multimedia (1),2018,d4fbf871-5da1-4670-9c86-15c14dea8db5
Informatik in den Biowissenschaften,2019,76127997-5f67-4a43-b89d-6e6bec30b4d0
CCGIDIS,2018,af4341b8-7bdb-496a-95e8-2a998388a415
Mobidata@MobiHoc,2018,9294145b-2c5d-4937-a881-27f4e88f91c3
HCI (39),2020,3e6c09d8-9a8d-4561-9703-22d3d5cdedc8
B,2022,92b3d5d0-a826-4a25-bac8-f5ea6d9a625f
Applications of Invariance in Computer Vision,2022,0abc4530-2d66-4352-8f7e-8d53414b2e14
MSE,2022,0de8f274-510c-44b4-87b6-e6fc5bdb3997
ITST,2019,7dd9007f-644c-43ea-b150-2e1d1c142ac0
EMSOFT Companion,2017,97b80baf-eae5-405e-9d44-90b91fe4085c
ICEIS,2017,9a14fb70-cdb4-42fb-ba47-d15a48b6359a
Performance of Distributed Systems and Integrated Communication Networks,2021,8351dbd5-f723-4a32-9648-aafb43478d7f
NanoCoCoA@SenSys,2020,cdf4ecac-c2a0-4da0-8968-606ee05837b9
CLAWAR,2020,a2513069-3c4e-4434-b0bf-51e5737b46c7
ESSEM@AI*IA,2020,806da1a5-c205-4cfc-b5d7-3bf95f78d203
Sem4Tra@SEMANTiCS,2021,0d29152f-4679-4550-9a0d-36c6cc11b489
RET@ICSE,2021,90ad1a7e-d3b7-48ff-a26c-26bc3db8f557
EPOS,2020,478aa3f9-1b23-4eb8-b645-eca9d9d848ed
ICIC (2),2022,7a86a7f3-5b78-4c47-af99-d659710aae19
ALR@IJCNLP,2022,fc189e5e-f129-4ba3-9d24-be2465f89a3c
ProTools@SC,2021,dbb81aa4-612c-4f22-8df1-0bbde142b0b2
SmartCom,2021,7073f56e-caf4-4d9c-abe9-2eb2af6a9f86
NAACL (Tutorial Abstracts),2018,33e41c78-7898-4f35-b0ad-183155f42922
ICTERI Workshops,2020,9e948bd3-91b7-443e-8f9a-a7ca34d9eb52
URAI,2017,42a9c063-0d2c-42c8-a070-7a7972f06ecb
Conference on Designing Interactive Systems,2018,7d480e75-3a84-40bb-9cf2-8d9cf81a7072
PaRMa,2019,a5a918d5-56f4-467c-84bb-a2d92be082c7
TOSE@ICSE,2019,286a725f-af79-415c-8492-ffdb1e67e29d
VTDC@ICAC,2022,18f5d887-be64-4233-8a70-7331e0cbde6c
MIH@KDD,2021,10e9b842-4441-4530-a3fb-798718b7a2b3
EvoApplications (1),2018,69131e54-f606-418c-97f8-542722ac1191
MHV,2020,65257a8d-bd0a-4cd6-a639-9342255a4fa2
LISS (3),2021,8500e369-17c5-4adc-b504-4b6909e734f1
Computer Graphics and Imaging,2017,60fbf3cd-8e77-422c-9d22-32536ee84ff7
OVERLAY@GandALF,2021,bce099a2-0dc5-4937-a567-f0bd38ced373
AREA@ECAI,2019,e5f6f502-c24f-4051-a662-f9e81991a639
MLG,2022,22a8af21-0df9-4439-afad-5b2010626b72
AAECC,2022,cf788627-f44c-41eb-9e47-cc1497033221
CAIP,2021,45f27b23-f281-42db-acf4-52cae7ba69c5
CIR,2020,fcab3e60-5d13-40da-9cff-ac876ac24e64
IWAR,2022,b145e45f-0c4d-4543-a522-1f41902c70d4
ICPM Doctoral Consortium / Demo,2021,ee7b1684-7541-4d88-b69f-523753aa6725
CSF,2019,376e334e-044b-4ca9-8f4f-9db9cce37582
XDOMO@EuroSys,2022,52628647-89f3-4beb-8b08-1babac9b0a9f
MRC,2022,8be12c9f-2842-4af7-a0e5-a7a788e3957e
MMDA@ECAI,2020,6961f266-b892-4e92-9fb4-be48674596a2
ADVIS,2019,f0db01d1-ee03-4833-8606-336d525ef26d
CSA/CUTE,2020,4750fb53-f5b0-4f2f-9df6-d3288554b081
IHAW,2017,abb10410-7486-4a2a-ba89-1adcc37d384a
AIES,2021,028852fb-f071-4e71-8d48-38de3023d410
IWEI,2018,54a57676-6de4-4b79-8658-c22ba627e992
ICFCE,2019,4e594c5f-c620-4dd1-a7e5-55da577ce999
PSB,2019,63d4db6f-e5a3-4249-979e-928da48612d9
VAHC,2022,7f742fdf-e014-4b93-b4ff-27f78e52c160
CSCW,2020,dc685d67-a5f8-441f-a62b-90f374fb85a5
CIPLS,2020,0f2f2bdc-e62b-4546-83b6-403058d0b12c
Perspectives Workshop: Naming and Addressing in a Future Internet,2021,817d4567-7d71-4424-8d10-761a3aeb594e
ICETE (Selected Papers),2021,aaca4a15-4cb4-4e31-b7c0-e016b223845f
Advanced Course: Microcomputer System Design,2019,44019541-578b-42ad-8db7-1c0b4ba64be1
COST 2102 Conference,2022,11fb4a74-fc38-4684-bc67-a816fc4d417c
Partitioning Data Sets,2021,8420c16f-9eeb-41b5-8ed2-eb041b3fd237
DS-8,2020,ec8b8663-c0cb-46cb-9954-a1f4b94d019f
DCOSS,2017,f16de3ac-2458-4ff1-bbcb-976845b0fe3f
USENIX Workshop on Electronic Commerce,2018,bfbba0e3-d0f7-40ff-871c-92ad342c2c1c
AIDP,2020,7925abf4-6ceb-4e7c-975c-673df501a116
DIAL,2020,f42f4257-f443-40f6-9792-1cd81c85b9fa
MCU (1),2019,269d5040-32fe-49cf-8de3-d950148d2916
BRAINS,2021,0569174b-042a-4549-b1a5-25feac3a8cb0
EUC (1),2021,42501b3b-432f-4f69-bfa8-c4ce672880fb
AAAI Fall Symposium: Complex Adaptive Systems and the Threshold Effect,2021,2102291b-ef26-4c79-9b9b-238f32bffa91
AAAI Spring Symposium: Intelligent Narrative Technologies II,2017,b24fc6b6-7a23-4c5b-8c53-ced83b3bf360
SELMAS (LNCS),2022,148082af-de1b-44bc-8b67-31204064881d
WAIM,2019,f2640438-c188-4fd0-996c-b7d3d7bb3b54
Software Quality and Productivity,2017,2b7e7a0a-77c6-43ea-9d10-8a32da561ddb
ICITEE,2018,cc1a37f3-831c-420d-a654-4d3d9d3712b3
eTX,2019,3412f225-75cb-4c22-81af-478cd24dc2db
TRI-Ada Tutorial,2020,bb1336af-f5de-4aee-aac3-7866d3bf118a
ModelAge Workshop,2018,6515a4f3-3b3c-4062-a343-ea95b440674d
VolVis,2020,bea49b8b-b929-40d7-bd1a-60845607b65e
ACPR (2),2019,b868dfb1-6681-43bc-8e23-d59dfeaa6d02
VSMM,2018,193439b3-3033-4ea2-9885-5cc5b24ebdb7
Context Sensitive Decision Support Systems,2022,38ee3cb7-e3a3-41b6-b5ba-5c6ec185a0e2
SIGGRAPH ASIA Technical Briefs,2017,750bca99-62bc-476a-8246-485156a48358
STOC@LREC,2021,5624436a-2e4a-4da1-8f77-133ca9ae9ce9
GASCom,2017,504cdf95-fe29-4cb1-bfb6-4e30e5358fa4
AAAI Spring Symposium: Trust and Autonomous Systems,2022,16691a79-f4ff-494d-ba5a-0b3c79ca8420
Intelligenztechnologie,2018,79605086-575f-4e61-81d2-8a3cb8197fcd
ICIME,2019,ad5c4a85-a229-454c-8b72-a6d9f238fbca
WCFLP,2021,44b4fe00-2e27-4ce8-9a52-594777580224
"Virtual Reality: Cognitive Foundations, Technological Issues & Philosophical Implications",2022,2c09555a-5b07-446e-822d-8eed625b8c68
Component-Base Modeling and Simulation,2018,6dac67de-d79d-44bd-9281-bfd423ba31f0
The Spin Verification System,2021,28644785-16a2-4cb0-88da-f66e65119e1d
HoloMAS,2017,0bc7d20d-8868-4150-96b1-5e6e9c9500c5
International Conference on Computational Science (3),2018,665460c1-c46f-4e4e-8500-97c825d32523
BASYS,2020,6a8486da-5317-4333-b2e9-3dc705efbd4e
WRS,2019,1bb07015-a48b-4e09-8532-ee950ee64abf
COLINS,2019,3da962c0-e0ba-4cad-bb2f-63d363e49461
EWDTS,2022,5b4a4174-2e64-402a-83a8-47534e8bebbc
Computational Video,2019,97c3d16b-31ad-4c56-ac54-4b1184bea6f8
NetPL@SIGCOMM,2019,01db3986-9911-444e-b37c-2149f55ebc25
System Development and Ada,2021,0b4bb6c9-2b31-443f-bfb0-4a4fca07e848
CSEE (4),2022,26d90448-3a1d-42a0-8c8e-1ba9ff3f0321
Workshop on Design and Impl. of Parallel Logic Programming Systems,2017,95a3a0f3-0733-4647-8dd6-804162d22ab1
S-CUBE,2017,69a2daec-01a6-482e-a587-a8f84724fac4
MoDELS (Demos/Posters/StudentResearch),2020,4a23dd3a-32e7-4d7a-a57f-f8610697bd94
IPDPS Workshops,2017,81948aa3-b9b7-4b5c-b767-d66a75bc4d24
TELERISE@ICSE,2021,cdf23777-55fd-4918-8641-0bc173bfbe15
LAGOS,2022,5b2d56ae-e59d-4f09-a116-3beb8a0f155d
ProfS/KG4IR/Data:Search@SIGIR,2020,44fe1c18-5e62-4f05-a3f1-d32cb228f0f0
EISA,2018,8308f2a4-f132-42e6-8b3b-4e78d3b5867a
QI,2022,c4ea1ed0-9e63-49cd-b392-216e1b38d622
DAGM-Symposium,2017,798982fa-4eb9-4629-b6fd-03947ea43cd2
ISECS,2019,e01fb7ff-1e36-44aa-90ed-f0620c9f5629
Hybrid Systems,2019,20a68d4b-f042-457c-a065-fafc2f1f4d4f
DECS@SAFECOMP,2018,7488e54b-6628-4e4a-b30a-15dada6e723b
BMA@UAI,2020,1a459037-c4f5-458b-ae18-f118024b7f02
IAAI,2020,fe9db572-dbd9-4992-a360-0e5460ed854e
M4IoT@Middleware,2019,99cacf85-aea5-4804-830a-a8c7607b0b1d
ACCV Workshops (2),2018,5bfd93ea-b7be-4fea-b897-a098756393fd
Data Types and Persistence (Appin),2017,d608fc53-e85c-49c7-919f-6f00ad89a959
BTAS,2019,53d044c8-6579-4936-ac6e-237a01d4fede
Software Visualization,2017,66b6d63b-7e04-48f8-828c-c57890654ff9
Graphics Modeling and Visualization in Science and Technology,2018,de1822ae-f9fc-419e-81e0-5e74e2b4f7cd
SIGGRAPH Real-Time Live!,2021,972bb14e-6a07-419b-b3a0-cd56b96f5c42
ITHET,2022,4ea292ab-5aed-4b71-a1b9-a409ec8e9664
SSIP,2018,094df6f3-f854-4743-8e96-e392e5aa40fe
ICCP,2020,dc7245ce-3d1a-4257-9e6e-080e38f73948
MobileHCI Adjunct,2018,16f1fc02-19ee-4e61-9546-1ed719889898
ACM DL,2018,9255eb14-15a2-4681-a943-3530ff25c4a9
IMS (ISESCTF),2018,0d80c294-3b0a-4dc7-b504-af5b0330e3b5
CGVC,2018,cc3af62f-468f-4913-bae6-da62fac88392
ER Forum/Posters/Demos,2019,83875af4-85c4-41a9-9f92-b9d7d9ba06b6
SEMANTiCS (Workshops),2018,389c0a61-2bb4-468f-a8cd-bd896c7a5dce
RepliCHI,2018,40ec0fd8-13ad-43f0-9ebb-69399bdc96a2
SpringSim (MSCIAAS),2017,8a006537-f0e7-4924-8462-5d260ae8184d
ICCSAMA,2019,61c75f6b-2dd8-4aeb-a7e0-549847daa889
REVOTE,2018,eb92d801-c9a9-4dc7-bcb2-d104e22fb34a
BICOD,2018,e5522a54-9256-46da-a114-e0a1f6fc1ca9
AAAI Workshop: Multiagent Interaction without Prior Coordination,2022,9589ef6a-c791-4243-970c-e591c21e86b1
DEFT@TALN,2017,779a57ed-8429-4079-a9de-50e035c943e1
Satisfiability Problem: Theory and Applications,2019,6bb18150-9bb3-4616-b764-08bc8a79b2c5
Virtuelle Maschinen,2018,6a83c605-8d9a-4007-ac9f-aa494dc59287
COLING (Tutorials),2020,504810bf-ec8a-489b-ba9a-0dd738530f73
EMoV+MinoPro@Modellierung,2021,4231c737-cb9f-44ff-a1c6-1d65cf993a9c
CoLLAs,2019,ff8d0e00-f519-4905-a7fd-819e98510a0f
Bildverarbeitung für die Medizin,2017,410e86e9-5962-444b-bd13-8356dadf7e45
Advances in Switching Networks,2017,518f713f-8cb9-4fa1-851f-31ac5d703de0
ISVD,2017,8f83a84c-bdf1-4fbf-9f16-9bf4431db647
IDMAN,2019,75452f15-abde-456c-8077-c1214628feb9
PICS,2017,aa1e2c70-d184-4a01-a742-38b81e6c56a0
CHI Greece,2020,edb57606-ebdc-4aee-b2ca-9f6fbb7f6f07
EAI2N,2020,8093c56a-d6d5-455d-9f7f-cee599d988cd
ECAI Workshop on Ontology Learning,2018,ea798112-fcde-424d-a12b-bd3a2f6a9c4a
GECON,2018,7bf1c658-14c6-4789-af14-a54135f0c6cb
POSTA,2019,291b9785-62fb-42fd-8c27-dbfcae9bd073
Towards Trustworthy Elections,2017,000ab9a4-2b29-48e2-a0a2-8a9042909f9e
SECPerU,2017,1f893f91-8002-4682-9f53-07ae847b5aac
Coding Theory and Applications,2018,c75dedab-9ded-4fa6-934a-b4eae6f87d27
CLfL@NAACL-HLT,2018,81baa0dd-dccf-46bd-842f-8c667ff411c3
C³P,2018,869b5fcd-1664-41ef-a535-b689f4de6165
ACCV (4),2021,deaac506-0d41-44b6-acf3-0947c57c7f39
SBPM,2020,8e92e4eb-993c-45d7-b8a3-f52e800fa64c
ICSENT,2021,91347e7b-837f-4fe8-bacf-d07bfa9e7ca9
IMACC,2022,72de8246-242b-4930-8074-8c4ce0f606ef
WACV Workshops,2021,6f12c6e4-fc64-461a-9042-1cf50fc9dd35
AAAI Spring Symposium: Technosocial Predictive Analytics,2022,30bd22a4-4804-4dd0-87f0-32df1281fa19
Intelligent Vehicles Symposium,2018,281fc02e-2d13-476d-b96c-6e9a484d659a
ACALCI,2017,b64e0dd0-ef22-4f0b-aa4e-ad90b9110d4b
LSDSem@EMNLP,2018,9c94c715-a12b-410a-a147-b6a7369fb069
FFER@ICPR,2019,8a3e2fe7-0bc1-4840-bf4e-3247186f7d5e
SOFL,2021,2eb08bc1-f5c0-44ce-8d13-cdcc09b0dfcf
ICSET,2019,22e4b213-8a40-4aeb-af13-1eb51eff0d40
Scientific Visualization,2017,32de5330-046c-4644-b019-f7a07640f105
VARY@MoDELS,2019,fef94b5f-131b-4946-8173-0b141d9117f0
EE-LSDS,2019,de2cbdd4-c63e-4e33-beb3-bbb3f845a5da
WSCG (Full Papers),2021,6b19b83d-9a81-4edc-b763-5514fd3b3d55
SCDM,2017,2edce5fa-7e30-4ea2-a914-790061709c71
COMMONSENSE,2019,a42ed1b0-effc-4a4b-9892-5ae01d75bc0c
CENTERIS/ProjMAN/HCist,2018,92729eba-5baa-412c-88d4-f06f7910990c
SPSR-SG@CPSWeek,2022,f4d1d83f-4807-49f4-a075-a24394c0ca3f
SLDS,2021,9bcb73d3-ea39-485b-a9b9-7a517df39956
ICACIE (1),2022,80d0d97f-8fac-424a-83e0-8d5d13cac3f7
Gamification,2018,0b86d016-44f7-43b4-b812-135b8d6e2118
EICS Workshops,2022,9a1d964b-ddec-428f-a312-fcfca76f7303
FUZZ-IEEE,2021,ada4b2ed-1215-484f-bf57-ac346a742cdb
RevOpiD@HT,2022,759d13b7-3b97-4fbf-a917-756736b008f2
AAAI Fall Symposium: Computational Models of Narrative,2019,7a7a8812-ae47-4ddc-8498-de937920e269
University Education Uses of Visualization in Scientific Computing,2018,549a12d5-5ec5-494b-89f5-fb9d48ded81e
CRMEX@TPDL,2021,69873071-6d03-4f7c-89f8-7fb2ce5b2d53
ACNS (1),2021,afd032e5-dbf8-4f68-bd68-b9ee751c8d1f
Communication Systems and Applications,2020,e717f9c4-d789-4acc-b330-aac458d94c49
PIKM@CIKM,2019,2e84186b-d706-4730-a99b-265294ee1ad7
Berkeley Workshop,2019,82cfef8c-1db4-40f0-ba9f-3b9e9a30c43c
AAAI Technical Report (3),2021,f150671f-f9c4-4bc1-9669-6bd99e84991c
VEHITS,2017,e6394516-c2bd-4ae3-8571-032bb13fa9df
TOSCA,2022,bdf4362a-b155-4123-bde3-260466cfb31c
HPTS,2019,a8353c4e-5607-415a-af20-cfbff04bf757
TACKLE@EC-TEL,2018,a181aee1-12ac-4601-a404-10eee8279c45
CoRL,2021,37c02d4d-1a89-4f6c-8ec8-6ec9a967bddc
SIGPHON@COLING/ACL,2020,bfcd0558-d885-4bb8-ae86-748ae378410b
CBMI,2022,ea100197-fe4c-49d0-aa11-0ed24eb79fb2
SAFECOMP,2019,6570e663-9948-49ed-bf6e-10526ae7b098
AISA,2020,c47e97f6-36a3-4440-b154-515d2397333f
CASE,2018,6b62559c-66a3-4836-91c4-1781711dc079
AMFG,2020,4016c619-49b0-41f7-ac4a-0ee0c82ce8d7
AIST (Supplement),2018,a07b74ad-400e-411d-af45-44820118ce88
ICAPR,2019,83626b3f-a585-4676-bef8-e6934e7506cd
PPPJ,2017,5b3d10ce-d2a2-4655-9aad-ac5a89c2f5b6
PFIA (Défi Fouille de Textes),2020,b3481e5c-3201-498b-8eda-5789467a1c2c
Constructive Theory of Functions of Several Variables,2018,52dae63c-5527-4a9e-8780-7f17d1f7774f
SoMePeAS@ECIR,2022,5685a55e-c73c-49b7-ac3c-f552e51f385c
HuFaMo@MoDELS,2020,cc87b16c-0d9e-49ed-bc2f-f09613aaea00
PAAMS,2022,a1775072-e46b-4191-85e8-040ec4cc4b02
FMT,2017,1d0874e3-311a-4a76-b17d-176bdddfef17
REM@ESORICS,2018,602ffb59-0610-459e-80f2-62292502eb76
QUOVADIS@ICSE,2018,0a3686e0-054c-4389-a4ac-f30fe4cb7ff3
AFRICATEK,2022,8ede13a0-682e-411e-80d5-6362ed56db85
CICBA,2020,4a743f49-ff78-49f0-b2da-89c6a58490d0
Programming Methodology,2018,52a2c5e0-401e-4681-ae63-d6300d39b0b7
ESAIR@CIKM,2021,245462e2-1bfb-478a-9a1a-32345978e6f8
SIU,2021,d630dcdd-5237-4b90-b7ef-7ced8bce5d70
EDCC,2019,4ee88571-6448-4293-bada-af1065685118
WoDOOM,2022,6ad1fb08-8dc4-4e27-af9a-09ff20e368bd
WES,2021,c94fdee4-3a50-4e61-b2f6-9a184778a83d
ETRA Full Papers,2022,c1c67682-24fa-4f30-a63e-c6b9e133433e
Learning Structured Information@EACL,2019,c679e8e6-b6b9-4133-91c6-66c48968942c
SPML,2022,d8eb1675-0788-4e4d-a85e-9dbdb862f892
JEP-TALN-RECITAL (Demonstrations),2017,d93114d9-924a-4aad-9678-c88456e372f7
HPEC,2020,761df363-6451-47e8-be0b-aaaaa4cebc62
EuroVA@EuroVis,2020,7abe1d34-ac4c-40b2-a898-d1c12642664f
GaM@ETAPS,2018,01d4e18f-daed-49bc-a475-043cbceb0320
ICLP Workshop: Process-Based Parallel Logic Programming,2017,ffb5ca04-9961-4663-8d2f-fd1f04139e4e
ECCV Workshops (6),2020,ab3f7bf6-b614-403b-835a-4ef65d135f86
BRACIS,2020,173d42f3-cd6f-4ef8-9ba7-b23ce170e1f3
iConference (1),2021,e133c065-2e0d-4bc0-b085-d9c9892885fe
CSCL (1),2020,06938972-869e-4c07-b682-1bad333f5f1d
*SEM,2022,c6d51cf8-8ba9-4f25-9d54-4fad0f492be7
DKB/KIK@KI,2022,9bc4f3b9-a604-414a-8112-c24426bf6e4e
STM,2017,8651ea48-4328-4ec1-951a-9fa3c2eec030
KEG@AAAI,2022,95a12b73-3950-48da-b39a-cf4f49358b12
HCM@MM,2020,5e553817-2282-43b1-826b-1719c3372500
MediVis,2017,fdc160d7-c1f0-4bdc-ad4f-f3dc977a6356
IEEE Congress on Evolutionary Computation,2017,b5d6e334-3207-44f2-80b5-a867de5fbc99
SCTDCP@ASE,2022,e3644454-db59-4a02-9875-38cb3ab875a7
TLLM,2022,40a8eac4-cb33-4746-97e9-504cf3eb9548
HCCE,2017,60b47748-e603-43d5-933d-3f5dea1ce22b
AAAI Spring Symposium: Using AI to Motivate Greater Participation in Computer Science,2021,6b8d93bd-8d44-4b9d-8fd8-8ba3c60eaf04
Mobile Computing in Medicine,2018,dd8f25ed-2194-4271-869f-81ae2113c4b3
DMAS,2017,78a47596-60a1-4942-8fe5-71bfa1fc4beb
SHARK,2017,1a012800-70f8-4961-9737-f38780351426
StarAI@UAI,2021,92638cf9-00b3-4e36-852d-a146289b2894
SpeD,2019,f243de44-dc08-4ad5-8ea6-27c6b626e403
InfQ@VALUETOOLS,2021,5d2a07fd-7b66-4ce0-b9db-6e3630ef6857
PuK,2017,be643939-2a82-4608-bfa8-8ab4fc18f5b9
MHFI@ICMI,2019,4fd1b316-bc0e-40d6-b177-efcbf2d294e5
LocWeb,2017,0824451a-a758-4dfd-bb9b-9a0fbf7c7fa8
SDN4FNS,2021,5b948f06-dfbb-49d7-9656-3bff7a797c2e
ICACI,2017,cbfe1ff0-398c-40a1-b56d-28f293ec7422
Distributed Multimedia Information Retrieval,2021,417eeedc-a6f6-440b-9122-644e95f9584f
Dec3D,2019,d94a3105-02ab-434b-bb64-559eec08df2d
WORDS (Jan.),2018,871085f7-cc4a-4bf6-8991-1302b44370d6
GvDB,2021,6ec39eda-0110-442b-aa0c-253a7efd303a
ECAI Workshop on Dialogue Processing in Spoken Language Systems,2022,437dd98b-377b-424d-b796-b1a0d0e568f4
ICDIPC (2),2021,19fbb53b-4bf2-4b4c-b77a-8c46c0978e23
CSS (1),2022,fcf23f6f-2d79-4ed5-879f-c6988b3098a8
PAAR/ESHOL,2017,da66b8d4-b67d-4c86-9d93-19138fb5967a
ARTIIS (2),2018,8a0becf9-13dc-42cb-801e-b422b11bde36
Networked Information Retrieval,2022,12bf9f86-d3ba-4df1-bb5f-967358f34dc8
ICPRAM (Revised Selected Papers),2022,4bd0d540-d62f-40ac-a7f3-43a34e99d7c5
DISCS@SC,2018,03146775-7138-4fc8-8a0f-176a331b192a
IEEE MS,2019,5ca1e45a-e93b-4717-8ae5-a2ba179e09aa
PATCH@IUI,2020,597352b7-07ff-4360-a28c-61e71302a0c1
ACM Workshop on Role-Based Access Control,2018,685e4a0d-bc50-40a7-bf84-b4ab9b522c5c
DOCPROCS,2019,85176fa8-d560-461c-826a-43f8e4024a64
WER 2022,2017,9f45a621-555d-4281-bf1c-3da11375f8b8
FoSSaCS,2017,4bf81f91-ff67-4e97-a87a-01cbb8d8f516
LinkKDD,2017,406c4795-7c60-48cb-b9e8-55f474bc904f
UAI,2022,5d10cb03-6034-4aaa-af73-d23ae60350be
CSIT,2019,241f3fb2-e413-4f8a-8248-da3d1d0cbe45
ICE@DisCoTec,2022,f4d40955-6db3-4185-bb4d-7c2076ac9865
FGIT-MulGraB (2),2019,ad1656a5-05fd-4435-8c43-48466f547052
HICSS (2),2022,6f22c478-cb18-48ae-85bb-5195c0f10450
SRIF@SIGCOMM,2021,a9561e50-e858-474e-a287-3e67f6330602
WIDECOM,2017,ddb35450-2405-4fa6-976c-d057913fbd7a
ECCV (8),2022,2e802f27-38ce-4802-b048-c7f122e0bcf8
EVOL/IWPSE,2021,1e5fb235-a045-46d7-849a-690b6d231b36
ILOG@BIR,2017,aba29c07-a3aa-4905-b13c-f224e408e1ca
PX@ECOOP,2021,0c2c4422-9ad4-4add-82f2-5578bbcda3f3
MindCare,2022,8403179e-d64a-4cd4-8314-2ed401eac555
AOSD (Companion),2020,ae2fd3a2-7e3f-4429-93f4-97d9c4ccda7e
IDAACS (2),2020,d6d5a928-7a32-4ed3-a8e2-07a8d4d80cf4
GIS-LBSN,2019,4a386e40-0028-4a4e-a5d7-e0909d270f87
NUMTA (2),2022,3cf33ff0-a34b-409d-8261-5887237e9626
Program Analysis and Compilation,2019,3b1c0d75-b658-49bc-a7eb-c53b9953c9be
WISE,2017,3381d719-16cc-4348-bd9e-f4d7cfb7b5f0
NL4SE@ESEC/SIGSOFT FSE,2022,17889f7a-3d4c-437f-909a-b2d429cf0247
Conference on Operating Systems,2019,6a855410-4f26-475d-87c6-6721c44f4c25
TMI,2022,f92e0863-7e9d-4bb1-a8a2-49dd19aefb11
BLISS,2020,9601d7b4-32a7-4008-830e-d4b0a375a9cd
BIOCOMP,2018,913a9fe8-1075-49eb-b367-b2a843403b60
AVEC@MM,2020,84258916-cbf2-4857-9a29-a9e37984e21c
Spinning the Semantic Web,2020,6e55dae4-0465-4c6d-9a2b-c628bc50bd3c
ITU Kaleidoscope,2019,3528156c-4c2e-4214-bebd-3cc674ff91b8
CodeSwitch@LREC,2021,0541cdfc-426e-46e7-9c5c-6868ace3a3a6
Evaluating Embodied Conversational Agents,2018,46128c0e-92a0-46a5-9e46-038270f2611e
HPCSE,2022,7e5d1d27-e6a4-4588-948e-2791e9283804
DSC,2021,46b26d30-6ee0-4e7a-838f-fbc088413bf5
Abstract State Machines,2020,2a1679f7-bc2c-40df-9584-a8c1de00e82a
Workshop on Implementing Automata,2020,a816cfc4-610b-461a-bd1d-f231e2d9f6f4
ICPP (1),2022,22b40362-74ad-4f66-aa6f-b4041c71b35c
RADIOELEKTRONIKA,2017,ca6e9cc9-bb73-4025-bbdf-2a6c5eb85802
FGIT-SecTech,2017,53beed35-0170-48b2-b529-85450f35eff7
ACII (2),2019,9eca94b6-00f0-4e8b-a722-efe677fb43b7
COPA,2017,feeef563-1887-4333-beea-c3846f5665d1
ICSR,2021,74a6d506-d703-4f43-8139-ee2ef7d41eb4
IMCSIT,2022,36782363-6ea9-4b30-bcf2-11955814c84a
Groups And Computation,2021,8fed123d-128c-40d4-a6b6-6b39c08ee67b
SEW Tutorial Notes,2021,0d4f668b-fc95-4495-acb1-777bb9b6c227
SPIN@SIGCOMM,2022,12bfb48a-fb5d-41b7-94bf-faadb15cc5ac
EMBC,2020,19f5287f-49cb-4a60-919e-90ea52107d23
CSPS (3),2020,fe978f7d-d3d2-45bf-8183-9653897cfac9
RepEval@ACL,2021,4a07422a-34c8-4d76-afea-bbe8f0bca8e2
Modelling and Evaluation of ATM Networks,2017,1609b4be-abbe-47b8-84ed-fd55733082ea
ICEC-JCSG,2021,626b1d64-b428-4a52-a44f-0361f03a1284
Inconsistency Tolerance,2018,fa153b30-a01a-41e8-8339-19e0943fc13b
HCIS,2018,14d5d748-020f-4ef6-ba12-6547f48da37e
GIBSE@AOSD,2020,7ca4f055-1bdc-447c-aef9-f225e968986b
MMSD,2021,91512715-0f83-4575-a713-ebf3f058edd1
DIAS/EDUDM@ISEC,2017,91571039-129d-4834-9047-0452a28a1765
COMPASS,2021,ed1fae05-f291-4e34-9ccf-266e56e78200
TTW@AIED,2017,b040dc48-3a62-454b-9f03-6210e713f973
AMiRE,2019,0fd009b9-972e-41ce-919e-dc9ff7c0f2f0
PDC,2022,2923f5fd-0da8-4573-85c6-de4663c22c6c
WAA,2021,f68b7196-db8e-4710-b244-6f142ec97f7f
SmartGridSec,2019,950f8c33-b473-4fc3-8d6a-5ac4317392fb
LID,2017,6dc712ed-a96e-44c9-b502-34d38eedb804
ISRR (2),2018,7a67534f-69b4-4c02-8dae-20941bf03299
ICWS,2022,7f03dc66-de62-417b-abd2-feeb5b5ecf8f
GI Jahrestagung,2020,7980ce56-128d-4a70-8498-486025d27511
ICDEM,2018,8dc3efb8-bb4f-4264-b001-aed1f2c83f5f
GSR,2018,83349f4a-408d-4a36-b786-38a4060a2498
ISORC Workshops,2018,b09d731e-2f04-4943-b038-23d889373dd3
Distributed Computing And Cryptography,2022,77102fa9-3030-4781-bb24-834790df3418
STACOM@MICCAI,2020,b76af6ce-4d5e-43ee-a987-06e49a3842b2
ADHOCNETS,2020,c4808fbe-6cf0-484c-841a-7a3f24154acf
AAMAS Industrial Applications,2020,b5fbaab0-3ec1-4ee2-acac-70600724cae4
SEAFOOD,2021,8515d301-a105-4de4-8d89-af40fd20512b
ECSA (Companion),2021,57246de8-df21-419c-9fb8-56831d092e1e
AHs,2018,df6d5055-89ef-4cf5-b310-f4736cdad991
Advanced Functional Programming,2017,93a6fd02-7d42-4597-af43-a0d3086f0816
REBLS@SPLASH,2021,406dbd06-b48c-4436-9d4d-79d300ad2f1d
ECol@CIKM,2022,ea3f1ed2-5367-4c0f-a8f7-d6cadfde3e56
APMS (1),2022,e56a99aa-fc86-4c26-a867-ae7d97380443
PDSW@SC,2021,ab1c1cb9-c859-4cc2-b969-93a349cdb60d
BIRNDL@SIGIR (2),2018,a2ef98ff-a331-4a7c-ae6a-1c6d5d4163a3
MUC,2017,687861d8-860d-45f9-857a-8699f0ef3cf3
ICCV Workshops,2019,7ce6295a-d94e-4c88-8110-e626d5e6857c
KGCW@ESWC,2022,52efd1cb-5365-4f1f-accb-409afa292b9c
TEX for Scientific Documentation,2022,a14cf40e-82ad-4cae-b902-58eae866654d
Practical Approaches to Multi-Objective Optimization,2017,9e5ac8e3-9a8c-4f27-8d39-41ea08f3baf1
WSTFES,2020,2c6d3d39-31b2-4b54-b464-81825b9f987e
CVM,2020,b96bd2f2-0607-4b62-92b0-5a6067991081
SWS@ISWC,2022,c5b068ef-16a8-47b5-916c-d87b25271b39
ISWC (Best Workshop Papers),2021,e9e30651-6b82-4ae0-817a-88b9b73eff0b
"ICMCS, Vol. 1",2021,5b74db3f-0240-436e-b230-96fbcae26107
TacTT@ITS,2017,9130f92f-c4bb-42fb-8a79-d900aed2b3cd
ICPCA/SWS,2022,20c22f09-c7ed-4015-a484-4de5cac38f6a
WAFR,2020,9e8430c3-033d-4582-9f23-4915fc13139f
ScienceCloud@HPDC,2017,e56aa6ea-1ba2-44f6-90eb-10add7900da6
DESIRES,2021,45908512-8326-41fe-884a-50fa8064867e
NSDI,2017,7605d98a-cc99-4dec-ad93-99f07723c5a7
Entwurf großer Software-Systeme,2018,3c9404a7-4cf1-400e-b064-a15d1abcc1a3
COCOA (2),2018,03dc3f1f-f525-4a30-9a85-989747d51e45
AI for Data Center Management and Cloud Computing,2017,ecc40e1d-6406-4416-b93a-677348971d9d
CIKM (Workshops),2018,ce3c6cbf-a157-4d22-9ded-0c73c9e3e3ff
CDMS@VLDB,2022,98fbf66f-8db8-42ed-ada0-7b0b60203024
TrustED@CCS,2021,26be033b-cc56-4b44-af17-8e19566f4f7f
EWSL,2019,0b939df4-d94b-4da1-83c2-8ea3c838efd1
Bytecode@ETAPS,2019,de55e14b-45d6-4e7d-9713-1cb40c179d0a
SEMCCO,2020,8ac2beb5-fa74-40de-be2c-522835ddb9bf
ComNet,2020,60f91cd4-3bed-44b2-8e68-8db60b56fd9b
CHIL,2022,aef2b52f-e951-4994-bb6d-a3d3981f079d
WADS,2022,026fefa9-1369-406d-a493-01a751addc3c
Online-Systeme im Finanz- und Rechnungswesen,2019,a38abb52-8200-474d-9849-463f302b55f3
SBD@SIGMOD,2019,a1efbd28-7cac-4014-8d3d-acba61f16fcb
SIGGRAPH Sketches,2022,0948e8e6-c7b9-4465-b9ba-866e0c227027
MobiArch@MobiSys,2021,ba5af6fb-eee8-4e8f-b3eb-59e5061bc2f9
MobiArch@SIGCOMM,2017,5e672edb-c931-41af-b7ef-5a110a863aeb
MOCAST,2019,053d7e36-081b-47b1-b712-8840a979737a
ICINCO-SPSMC,2020,b5261c37-8ce6-4ade-9545-cf6c62f0f255
PCRCW,2020,b5513b39-bbbd-4f22-b1bb-dadc54dff4ff
WISM (3),2022,b490e2ad-3672-4438-ad22-327b019e4dc9
FLAIRS,2017,cbeca6ca-ae11-4ecc-be41-e8eeed9fcbe7
PNSE@Petri Nets/ACSD,2020,57b5e921-0fe4-495b-a26c-02648bf04050
DGM4MICCAI/DALI@MICCAI,2022,0b68df9b-2920-4b5c-b461-30d14beb9beb
VISLA@LAK,2019,363ca9db-4b6f-4979-b48f-9baf2170bf3c
DIN@MobiCom,2018,5d268784-3a99-47fd-b808-fc2e986c0852
IWSC@Middleware,2020,1c465bb3-56f1-457e-84f5-ed9e24372efb
EWSP,2018,16644e10-a096-4422-868e-a1e6e1384695
CNL,2020,0164b9ef-83bb-4f7f-9cf0-a764f96a89c0
CoSinE@ICTERI,2018,1eb6aa40-bd4a-4f8e-bc8d-af1e4dbdb330
I3,2021,a90ea9cf-0295-4ef0-8e13-ce5f0b2b5404
ITP,2019,224d3614-766c-4082-823b-9a06d9558b1c
CSET,2018,52689219-9177-4f9c-a530-bc8da9c0437d
VPT/HCVS@ETAPS,2017,3bb5480b-dd46-46f9-824d-383313669c39
Logic Programming Workshop,2020,037bd7d9-9442-47a7-89a9-54afb7ee2943
HUMAN@HT,2019,0b2ec7f4-971f-4af5-b494-5ca0844fd548
SPRINGL,2017,3f3a83cd-4f4a-455f-b17d-62da23edd152
Geoinformatics,2017,65c4a644-1927-4cf0-a15d-767b56d921e8
AAAI Spring Symposium: Benchmarking of Qualitative Spatial and Temporal Reasoning Systems,2020,972b6161-20f2-4815-a5df-207be111d16d
GAME-ON,2022,e03fe21f-3f06-4966-8226-caa631004846
TRI-Ada,2021,fce1ae5d-ab52-49f0-aebc-5f8a41943284
Active Learning and Experimental Design @ AISTATS,2020,8db97b42-9ad8-4ff2-9996-827b1463d54c
Situational Method Engineering,2017,7557589f-2674-4e6a-9251-c51985618f9c
M&N,2018,0458e4b0-3bc2-426c-a666-4103f1f984f3
SemEval@COLING,2017,7c380cc0-872e-4fd2-b2bd-8d5ce52b1d46
"ICPP, Vol. 3",2019,f35b0491-ae13-43a4-98f3-9c14fea5a8ad
FFER/DLPR@ICPR,2021,29f69d2b-f71f-4d67-bca3-35629e1a2293
New Directions in Question Answering,2018,59bb5b44-7ea2-4199-bd0c-bbe2d4496eff
"AAAI Workshop: Plan, Activity, and Intent Recognition",2020,35cb0bda-3afb-4754-8f99-e1029d50bcd2
CollSec,2020,53c720e6-9da3-413d-97da-c65134f5b298
GraMSec@CSF,2021,33c9d3b9-e1ed-4e82-bcac-39d686b6f5f4
SUZA,2018,991a25ee-7bed-4d61-9735-72bbac690119
WANLP,2019,d8c18f00-e89d-4288-aa2a-6f2d9594bb2d
MVA,2022,bff07efd-126f-484b-b837-3d06f40abd1c
Perspectives Workshop: Theory and Practice of Argumentation Systems,2019,a1f9b183-7849-489c-a5fc-778d080d3c23
W-MUST@SIGCOMM,2019,97cb0178-4295-4dd1-939d-307b5d6c4a5c
IC4E,2018,7ee6b0df-28fa-4cc3-bd8c-a60907b36313
WMPI,2020,c7e6f9be-c593-4c0b-899b-6acfc3defbc1
NVMTS,2018,cd7b78f6-626d-46a2-b178-b61b30338ee2
AAAI Fall Symposium: Spacecraft Autonomy,2019,104ca73b-51f8-4280-95ba-b9c1ab2e4111
On-Line Algorithms,2018,ce745c6e-e197-45c4-a932-601f09fcf102
Global Sourcing Workshop,2018,9ba79ac1-5b2f-4f86-bba5-b4bab206e878
LATIN,2022,655507e3-5233-4a71-a55f-afb46be10478
ESOA,2022,d18a5d68-52eb-4736-b706-7a1d319d2d4a
MLSLP,2018,5cf79592-f8c9-42ef-87e1-1b682415e6d2
NFPinDSML@MoDELS,2019,e77191b9-bce3-4660-80fa-bd95b1f5f999
IWSLT (Evaluation Campaign),2021,c1bed5a1-dbc7-43d0-9648-87ea14ad618d
SIGGRAPH (Art Show Catalog),2018,bdc79b72-a774-4daa-a1fe-4c673b88a7bc
ICPR Workshops (8),2021,b347981e-d878-4900-8a96-20cda05ca8c9
AII/ALT,2021,ac8ee8ae-dc5f-4157-99fe-9bee35bb03cc
DICG@Middleware,2017,8d4d56a5-90c0-482e-90a1-062b7bd43fd7
WoMO,2020,e53420c2-b316-4529-a4dc-520667229e3a
MOTPW@MoDELS,2019,11ce99d5-07fa-4cae-b66d-225a16af9f2a
CAVE,2022,5c059e70-3aee-4a8b-9950-ce7619830371
AMAST,2020,44e32b3a-b80e-4aa3-8f7d-85e63f6b424a
IEEE ICBC,2022,4ea14679-5273-4618-91fb-5c8abb0c7984
CLSW (1),2019,09ccb39e-61be-4aaf-88e8-ca875ddc7362
ICCAE,2019,5915cbe8-9e02-4816-842b-5b435d29fb7a
CommNet,2022,66cd4c14-ffb6-4f23-b849-a7c5d9ca5e91
