reporteurid,airport
1,AAR
2,BRE
3,AJA
6,GVA
8,ADB
9,BEG
10,KRK
11,ADA
13,CAG
16,AMS
17,FMM
18,AYT
23,DEB
24,DTM
27,CAG
29,ABZ
30,BEG
33,FAE
34,AJA
37,DUS
38,ESB
40,BDS
41,FUE
42,ANR
43,ALC
44,BOD
47,BVA
48,BRN
49,AMS
51,ACE
52,BEG
53,BRS
55,AJA
57,ALA
58,AES
60,DUB
62,BUD
63,AGP
64,BEG
65,BRE
66,BEG
68,ANR
70,FKB
74,BHD
75,ABZ
76,BEG
77,BFS
78,HEL
80,AOI
81,FSC
82,EMA
85,BEG
86,DLM
89,FCO
90,BEG
92,ADA
93,BEG
98,AYT
99,BEG
100,AOI
106,BDS
107,IBZ
111,AAL
112,ANR
113,BIA
115,BEG
117,ADB
120,BRS
122,CGN
124,AAR
125,BOO
126,BDS
128,AAL
129,ARN
130,BMA
134,BER
135,BEG
138,IBZ
140,BGO
141,AJA
142,DUS
143,BIQ
145,AMS
147,HUY
148,AES
149,DSA
151,BIO
152,BEG
153,BEG
154,AER
156,BEG
157,ACE
158,CHQ
159,AYT
160,ARN
161,BDS
163,BEG
166,EDI
170,EDI
172,ADA
175,BMA
176,INI
180,CGN
182,BOD
183,DSA
184,BEG
185,BEG
186,LED
187,BLQ
188,FAE
189,MAD
190,BGO
191,BUD
192,BEG
194,BEG
196,POZ
197,GLA
200,BES
201,AJA
202,CDG
204,PFO
206,AYT
208,HER
210,BEG
211,AMS
212,BOD
214,BRQ
215,ARN
216,BFS
218,BVA
220,BUD
221,KIV
223,AHO
224,BOJ
226,AAL
228,BEG
230,BUD
232,DUS
237,BEG
238,NUE
244,BEG
247,DBV
252,DSA
256,BEG
257,GVA
260,AJA
263,CIY
264,STR
266,BEG
270,BEG
271,BEG
272,BCN
276,BCN
277,BEG
278,ACE
281,DSA
282,AGP
283,AES
285,TZL
286,BEG
287,ALC
289,AMS
290,BEG
292,GOT
293,DEB
298,DLM
299,TPS
300,BTS
301,HAM
302,ALA
303,FRA
305,BIO
306,BEG
308,FCO
309,AHO
310,BEG
311,BOO
312,ALC
314,PEG
317,BHX
319,AGP
320,IEV
321,INN
322,AGP
325,AAR
326,AYT
327,KRS
331,ANR
332,BRS
334,BIA
335,ACE
336,BIA
337,AHO
338,ALC
339,EMA
342,BER
343,CGN
344,BEG
345,ALA
346,ADA
347,OLB
348,BEG
350,ADB
352,BHX
356,DTM
358,DBV
360,AES
361,IST
362,BLL
363,ALC
364,AOI
365,BEG
367,BGY
369,AJA
370,BRE
371,OTP
374,DTM
376,BEG
378,ALA
379,CFU
380,BEG
381,BCN
383,BRU
384,DTM
386,ADB
387,ACE
388,SPU
390,BOD
391,FAE
392,AES
393,ATH
394,BEG
395,BEG
397,IEV
399,BEG
401,BEG
406,AOI
407,FUE
408,IAS
411,ESB
417,AHO
418,BFS
419,BSL
423,BEG
424,AAR
425,BOD
426,BGO
427,KTW
428,AMS
429,BEG
430,GRO
431,BHX
435,BEG
436,BIQ
439,AYT
440,SKG
441,ATH
443,BEG
445,EDI
446,BRU
447,ADA
452,BOO
453,BEG
455,BEG
460,BOJ
462,BGY
465,ANR
467,BEG
468,BHD
469,DME
471,ADA
472,BEG
475,AHO
477,MRS
478,BRQ
480,CHQ
481,BEG
483,FLR
486,BOD
491,FAE
493,BEG
494,BEG
496,BHX
497,OPO
498,AJA
500,TSR
502,BRQ
503,CAG
504,ATH
505,ABZ
506,BER
508,CAG
509,AES
511,BRQ
512,OST
513,ALA
514,BEG
516,BLL
517,AER
520,AER
521,BLQ
522,ALC
527,DUS
528,BEG
529,BEG
530,ODS
531,BEG
535,AER
536,ALA
537,BEG
540,BRU
542,BLL
544,ARN
545,BEG
546,ABZ
549,TRN
550,ABZ
551,BFS
552,BRU
553,BMA
555,BFS
557,AER
560,BEG
561,BJV
564,JER
565,BEG
567,AJA
568,AER
571,BEG
572,FKB
574,BGO
575,BFS
576,LUG
577,ALA
578,AER
580,ALC
582,LWO
585,FSC
586,BEG
587,BMA
588,ALA
591,AOI
592,RVN
593,BEG
594,KBP
595,ARN
597,KLU
598,EIN
600,BLL
603,AHO
605,FRA
607,BOO
610,BEG
612,BEG
614,AAR
615,BEG
616,BUD
618,CGN
620,BLL
622,DUB
623,LPL
627,BEG
630,BEG
631,BEG
632,BEG
633,AMS
635,BEG
636,ALC
638,BJV
641,BJV
642,BOO
643,AAR
645,AAL
648,BEG
649,CFU
652,EDI
653,CAG
657,FRA
659,EDI
660,AAL
661,LBA
663,GLA
665,BEG
666,BRI
668,AES
670,BJV
672,GDN
673,BMA
674,ALC
676,TLN
678,LUX
683,AHO
684,ADA
687,ATH
688,BEG
690,AYT
692,KLU
693,AER
694,AOI
695,BTS
697,BRE
699,NUE
700,CAG
701,ABZ
703,DUS
704,ABZ
705,AGP
709,BOO
710,AOI
711,ALC
712,CIA
713,BES
714,BRU
715,TFS
716,ARN
717,ABZ
718,LCA
720,LJU
722,DUS
723,BEG
724,BEG
725,BRS
727,FDH
729,IBZ
732,BFS
735,BEG
737,CGN
739,BES
740,CLJ
742,BCN
743,BEG
744,AGP
746,BFS
747,HAM
748,AHO
752,EIN
753,AAR
755,AHO
757,CWL
766,CAG
769,SOF
770,ADB
772,OTP
773,AES
774,IEV
775,LUG
777,LPA
778,PMO
779,BCN
780,CRL
781,LEJ
782,BIO
785,HAU
787,SNN
788,AOI
789,AMS
791,NTE
793,BTS
794,BRI
798,ESB
799,ADA
803,BEG
805,PRG
807,BER
808,BGO
809,BER
814,ADA
815,CFU
818,BHD
822,DRS
823,AER
824,DSA
825,BRQ
826,BHX
827,ALA
829,BRS
830,CRL
832,AER
835,KBP
836,LIN
837,FAO
841,RHO
843,BIA
848,CDG
850,BEG
852,ABZ
854,ADB
855,ARN
857,BGO
858,ADB
860,BIQ
862,BIQ
863,EDI
865,BEG
866,BEG
867,BEG
870,SEN
872,ESB
874,AGP
876,NOC
877,AGP
878,BER
879,BIA
881,FCO
883,WMI
886,ACE
887,FNC
888,BRE
890,BEG
891,BEG
892,CPH
894,ATH
896,ADA
898,BGO
901,AYT
902,ALC
903,BEG
905,BLQ
906,AAL
907,GOT
908,BJV
909,CGN
911,AAR
913,AAR
914,BES
915,AER
916,BFS
917,KSC
920,BES
921,BGO
922,FMO
925,NRN
927,BEG
928,SUF
930,ATH
931,ARN
932,BEG
934,CIA
936,MLA
937,BEG
940,BEG
941,KRS
942,BCN
945,BEG
946,SKG
950,CRL
952,AYT
955,BRE
956,GOA
957,HHN
958,ATH
959,BVA
962,AOI
963,ADB
964,RHO
965,FNC
966,BEG
969,LCY
972,PIK
975,BEG
977,TSE
978,AER
979,AER
981,BDS
982,BJV
983,ADA
985,BCN
986,CPH
990,AER
991,BRQ
992,FCO
993,ARN
994,BOO
998,GRZ
1000,AER
1001,BGY
1002,BRQ
1003,BJV
1004,NAP
1005,BJV
1009,BEG
1010,AER
1011,ATH
1012,PRG
1013,EGC
1016,FMO
1020,LED
1022,ARN
1024,ALC
1025,BFS
1026,BHD
1029,BDS
1030,AGP
1032,BEG
1034,JMK
1035,AAR
1039,BEG
1044,BDS
1045,AER
1047,AAL
1051,LIS
1053,AAR
1054,CLJ
1055,BOO
1056,DSA
1058,ARN
1060,ARN
1061,BHX
1062,NYO
1066,BRN
1067,AHO
1068,BIQ
1069,BHX
1070,DRS
1071,AOI
1072,ADA
1073,KRK
1075,IAS
1082,AAR
1084,ADA
1085,BEG
1087,INI
1088,BLQ
1089,ALC
1090,BEG
1092,ATH
1093,BOD
1094,CRL
1096,AER
1097,AAL
1098,BER
1102,BOO
1103,MUC
1104,AMS
1106,BOJ
1107,DUS
1109,GOA
1111,BEG
1112,AOI
1113,EGC
1114,BEG
1117,BEG
1118,LCY
1119,CGN
1122,CFU
1126,BIA
1127,AAL
1128,ALA
1130,VAA
1131,BEG
1132,BEG
1133,JTR
1134,BRS
1135,BHD
1136,GRO
1138,ALA
1140,ABZ
1142,BIA
1145,AES
1147,CIY
1148,LUG
1152,BRS
1153,DRS
1154,DBV
1155,BEG
1157,AGP
1158,DUS
1159,TGD
1160,EGC
1161,INN
1162,ALC
1163,AJA
1164,BEG
1165,ACE
1168,BTS
1169,BES
1170,BLL
1173,ALA
1176,BHD
1177,BCN
1178,EMA
1179,BHX
1180,BOJ
1181,AAR
1182,BEG
1183,ANR
1184,BEG
1185,BFS
1186,BIQ
1188,ALA
1189,BGY
1190,BTS
1194,LGW
1198,BRQ
1200,BEG
1201,BEG
1202,BUD
1205,LGG
1207,BEG
1208,BEG
1210,AYT
1212,BCN
1213,ALA
1214,BGY
1217,BEG
1219,AER
1220,FAO
1223,BRQ
1225,CAG
1228,EVN
1229,BGO
1232,ATH
1233,AYT
1236,FNC
1237,DEB
1240,BEG
1241,BIQ
1242,BLL
1243,BEG
1244,BEG
1245,FDH
1247,ANR
1249,BCN
1250,BEG
1251,BEG
1252,BES
1253,ARN
1255,DUB
1256,BLL
1257,AHO
1258,CFU
1260,ATH
1263,BER
1264,ZAD
1265,PAD
1267,BEG
1268,LCY
1271,SVG
1272,BGY
1273,ARN
1275,BEG
1276,BEG
1278,KEF
1282,BEG
1283,SOU
1284,KUN
1285,LCY
1288,BHX
1290,AJA
1296,CLJ
1298,AER
1304,AAR
1305,AMS
1306,FKB
1310,AOI
1311,BGY
1312,DME
1315,FAO
1319,AAL
1321,ADB
1322,BEG
1323,ALC
1325,GRO
1326,BRU
1327,ARN
1329,BLL
1330,CIA
1333,BRI
1334,ALA
1336,AES
1338,BEG
1339,BOJ
1340,BOO
1341,BJV
1343,AHO
1345,NAP
1346,BDS
1348,CAG
1349,CFU
1351,ADA
1352,ACE
1353,ANR
1354,BOD
1357,DRS
1358,BRQ
1361,LIL
1362,OTP
1365,AOI
1366,BHX
1368,BJV
1369,BRN
1370,INI
1371,FMM
1372,EDI
1374,BEG
1376,BEG
1377,BTS
1379,BRQ
1380,BRN
1382,ADB
1383,BRU
1386,FLR
1389,BLL
1390,BEG
1391,IEV
1392,BEG
1393,ACE
1395,BEG
1397,AER
1399,BEG
1400,BEG
1401,BOD
1403,BER
1404,BEG
1405,BFS
1407,BEG
1408,BEG
1410,CTA
1413,BFS
1414,AGP
1415,LCY
1417,BLQ
1418,BOD
1420,BEG
1421,AES
1423,BMA
1424,DEB
1425,DBV
1426,ABZ
1427,ACE
1432,FCO
1433,AYT
1435,CTA
1438,AER
1439,BIA
1440,BEG
1441,BRQ
1443,AMS
1447,AER
1448,ARN
1453,BEG
1456,KIV
1457,BOJ
1458,AYT
1461,ANR
1462,AAL
1464,BEG
1465,TIA
1466,BEG
1467,BMA
1468,GRZ
1469,HHN
1470,BEG
1471,BHD
1473,AAR
1474,BEG
1477,CAG
1480,BVA
1481,BRI
1482,AES
1485,BEG
1486,GRQ
1489,BEG
1491,PSA
1492,BRE
1493,BHX
1494,AES
1496,AAR
1498,BDS
1499,DTM
1501,BEG
1504,BLL
1506,MLA
1507,HER
1508,BEG
1509,AGP
1516,CFU
1517,BUD
1519,BEG
1520,BOD
1523,BOD
1524,DEB
1525,CRL
1526,KBP
1528,PFO
1530,MAD
1534,AGP
1535,BEG
1536,BMA
1537,ALC
1541,EIN
1542,BEG
1544,AMS
1548,BIA
1550,KUN
1551,AJA
1552,ADA
1553,BOD
1554,AAL
1555,KIV
1558,BER
1561,AES
1563,ARN
1564,ANR
1566,EGC
1567,AHO
1570,ACE
1571,ALC
1572,BES
1573,ALC
1575,CLJ
1576,CIY
1577,BGO
1579,SJJ
1583,AGP
1586,BEG
1589,CPH
1590,ATH
1591,AER
1592,DUS
1593,BEG
1594,BEG
1595,BER
1597,ADB
1598,DTM
1599,BEG
1602,AYT
1603,AES
1604,ATH
1605,BEG
1606,EVN
1611,BLQ
1613,AMS
1614,CPH
1615,AGP
1616,KRK
1617,ABZ
1618,FLR
1620,AES
1621,BLQ
1622,OVD
1623,BEG
1624,DEB
1625,FRA
1626,CTA
1627,BDS
1629,BEG
1631,BLQ
1633,BHX
1634,BEG
1635,ADA
1636,AMS
1638,BEG
1639,BOJ
1640,AOI
1641,LGG
1642,BEG
1645,BOD
1646,AJA
1647,CLJ
1648,BIA
1649,LED
1650,AHO
1651,BEG
1658,ADA
1660,AAL
1661,BER
1663,BIO
1664,AAR
1666,BEG
1667,BEG
1669,BDS
1671,ABZ
1674,FUE
1675,BEG
1677,KIR
1679,ADB
1681,BIA
1683,BOD
1685,AES
1688,LED
1689,BEG
1690,AER
1691,AGP
1692,CWL
1694,EVN
1697,DUB
1701,AES
1702,BEG
1703,BEG
1707,BEG
1712,EMA
1713,BSL
1714,HUY
1715,ALC
1718,KIR
1721,CAG
1724,FNC
1725,TSR
1726,BIA
1727,ESB
1729,BEG
1731,FCO
1732,BDS
1735,ARN
1738,AJA
1741,AJA
1744,BEG
1745,DLM
1747,DEB
1748,BEG
1749,BFS
1751,BIQ
1752,HER
1753,BHX
1754,CPH
1755,BEG
1758,AMS
1760,LGG
1761,ABZ
1765,BGY
1766,DME
1769,LWO
1773,FRA
1774,CDG
1775,BEG
1776,CDG
1777,AES
1778,BSL
1779,BHD
1781,BOJ
1783,BRE
1785,AAR
1787,LWO
1789,ACE
1790,IBZ
1791,BFS
1792,BJV
1793,KUN
1796,BFS
1797,BES
1799,BOD
1800,ACE
1801,FAO
1805,BVA
1808,AHO
1809,BOJ
1810,CPH
1811,BVA
1812,BRE
1813,JER
1817,DRS
1819,AMS
1820,BRN
1823,BGY
1824,DLM
1825,BEG
1826,CFU
1827,BUD
1828,BRI
1830,BGY
1832,GRQ
1833,SXF
1838,BVA
1841,ADA
1844,AAR
1846,ANR
1848,BIO
1852,BOJ
1853,BCN
1855,ADA
1857,DRS
1859,BEG
1860,BEG
1861,AOI
1862,MUC
1866,CFU
1867,MSQ
1868,BIQ
1869,BLL
1872,ACE
1873,BGY
1876,AER
1877,EXT
1878,BCN
1879,BHD
1880,FDH
1881,BOD
1883,BCN
1884,AMS
1885,JER
1886,ACE
1888,DBV
1889,KRK
1893,ADB
1897,BEG
1898,AAL
1900,ACE
1901,BEG
1902,KUN
1905,AES
1906,CTA
1907,ACE
1909,ALC
1910,AER
1912,GOA
1916,BEG
1918,CAG
1924,BEG
1925,AMS
1928,EMA
1930,BEG
1931,ALC
1933,BOO
1934,LEI
1936,BVA
1938,BEG
1939,AYT
1940,AAL
1941,BES
1942,BEG
1948,ABZ
1952,AHO
1954,BEG
1956,DUB
1958,KEF
1960,GOT
1961,BEG
1964,ALC
1966,AOI
1967,BJV
1970,KIV
1971,BEG
1975,ANR
1977,GOA
1978,BRU
1979,LNZ
1980,CRL
1981,BES
1983,VST
1984,ALA
1985,BHX
1987,TPS
1988,ALC
1989,AOI
1990,AMS
1991,ALA
1992,DSA
1993,ALC
1995,BTS
1996,ALC
1997,BIQ
1998,ABZ
2003,BOO
2004,BCN
2006,CFU
2007,BEG
2008,BOD
2009,AJA
2010,KRK
2013,BLQ
2014,BEG
2015,ACE
2016,BEG
2017,BJV
2018,AJA
2019,BRQ
2020,BRE
2022,BEG
2023,BEG
2025,NOC
2027,BGY
2028,LGW
2030,INN
2033,BEG
2034,BRE
2036,AGP
2037,GDN
2038,RHO
2039,DBV
2041,AAR
2043,AAR
2044,AHO
2046,BRI
2048,AAL
2050,INN
2051,BEG
2052,ADB
2055,CDG
2056,ADB
2057,HER
2059,LHR
2061,BEG
2062,GOT
2064,DEB
2065,AES
2066,ACE
2067,AAL
2068,BJV
2069,BEG
2070,BEG
2071,DBV
2072,EGC
2074,CHQ
2076,MAH
2077,CDG
2078,ADB
2080,CIY
2081,HAU
2085,BOO
2087,BOD
2088,DRS
2090,ALC
2092,HEL
2095,AAL
2097,HER
2098,ACE
2102,BEG
2103,DTM
2104,BVA
2108,BLQ
2109,LEI
2111,BGY
2115,AAL
2116,ABZ
2119,BHX
2120,ACE
2122,BEG
2124,AER
2125,LHR
2126,BVA
2129,AES
2130,TRD
2132,BDS
2134,ALC
2136,AAL
2137,FAO
2139,BOO
2142,AAR
2143,BIQ
2144,AJA
2147,ANR
2148,ALA
2150,BRN
2151,AES
2153,CWL
2154,ADB
2155,ADA
2157,FDH
2161,BEG
2162,BEG
2163,AOI
2164,ACE
2165,DME
2167,AOI
2168,AER
2169,DSA
2174,BEG
2175,ADA
2176,ALC
2177,BHX
2180,ABZ
2183,BEG
2184,CWL
2186,AYT
2189,BEG
2191,ADA
2192,FNC
2193,LUX
2196,BRQ
2199,BHX
2200,ADB
2204,BTS
2205,AGP
2207,ALC
2211,AHO
2213,BOO
2214,ADB
2215,AOI
2216,AGP
2217,BDS
2218,CIA
2220,ARN
2221,BEG
2223,BTS
2227,ARN
2228,CPH
2230,FSC
2231,AAR
2233,TLL
2234,ESB
2238,BFS
2239,EDI
2241,AOI
2243,HEL
2244,BEG
2246,AAR
2247,AOI
2250,BOD
2251,ARN
2252,BER
2253,BEG
2254,NCL
2256,PRG
2259,DUB
2260,AMS
2264,BEG
2265,BEG
2266,DUS
2268,RHO
2271,BEG
2272,AAL
2273,BGY
2274,BEG
2277,ESB
2278,ACE
2279,BEG
2281,DLM
2282,FUE
2283,BLQ
2286,MXP
2288,ALA
2294,BEG
2296,DSA
2297,ADB
2299,BEG
2300,ODS
2301,AOI
2302,BGO
2303,MAH
2304,AER
2305,MMX
2306,OST
2311,ATH
2312,AES
2313,AER
2314,ADB
2315,AMS
2316,BGO
2317,OVB
2318,AES
2320,ARN
2321,BJV
2323,LWO
2325,EMA
2326,NTE
2327,AJA
2328,AYT
2329,AOI
2333,BRI
2335,INN
2336,DME
2337,CRL
2339,AAR
2341,BRE
2342,DBV
2343,BEG
2344,BCN
2346,BEG
2348,KRS
2349,CWL
2352,BRE
2354,DEB
2356,BOO
2358,BEG
2359,FMO
2360,BEG
2361,AYT
2362,BIQ
2363,BEG
2365,AGP
2366,GRO
2368,BIO
2369,BEG
2371,AMS
2373,EMA
2376,AES
2379,ABZ
2380,CDG
2381,NUE
2383,MAD
2386,BEG
2387,BMA
2390,BEG
2392,BER
2395,AAR
2399,DBV
2400,FUE
2401,FSC
2404,EXT
2405,BEG
2406,CIA
2407,GDN
2408,CRL
2409,ALC
2410,FMM
2411,BEG
2413,MXP
2416,BEG
2417,EVN
2419,BEG
2420,HER
2424,CIY
2425,NOC
2426,BEG
2428,DUB
2430,AHO
2431,BEG
2433,DBV
2434,AAL
2435,BEG
2436,CTA
2438,NTE
2439,BEG
2440,AHO
2443,EMA
2447,BEG
2449,BDS
2450,BRE
2452,ACE
2453,BLL
2454,BHD
2455,BVA
2456,FCO
2457,BRI
2458,BEG
2459,FCO
2461,BEG
2463,AOI
2466,KUN
2467,GVA
2468,BCN
2469,INN
2473,BEG
2475,BEG
2480,BMA
2481,BGO
2482,BHD
2485,ANR
2486,BER
2488,BGO
2491,BJV
2492,BEG
2493,KEF
2494,BEG
2495,ALA
2496,AHO
2497,BEG
2500,AER
2501,MAH
2502,CIY
2504,BES
2506,BEG
2508,PSR
2511,AAR
2512,CWL
2513,GYD
2515,BFS
2516,GRO
2517,DLM
2518,ADB
2521,AES
2523,ADB
2524,ADA
2526,BTS
2528,AHO
2530,EGC
2535,AMS
2537,AMS
2538,AER
2544,DTM
2545,BOJ
2548,AOI
2550,BEG
2551,BEG
2552,BIQ
2553,DME
2554,BCN
2555,ADB
2559,BEG
2561,VRN
2564,BGY
2565,BEG
2566,CIA
2567,BEG
2570,BEG
2571,AAR
2573,BSL
2574,BCN
2576,FKB
2577,FNC
2578,BEG
2580,AES
2583,BEG
2584,AES
2587,AAL
2591,HER
2593,CPH
2594,BRN
2596,GLA
2597,GRQ
2601,ADB
2603,CIA
2604,BEG
2605,BES
2606,BEG
2614,BDS
2615,CLJ
2617,ALA
2620,CHQ
2621,BSL
2623,CAG
2624,BRI
2625,FLR
2626,EGC
2628,ESB
2629,BOO
2632,BEG
2633,BIQ
2634,BOD
2639,BHD
2640,ADA
2641,BLL
2643,IEV
2644,BJV
2645,BJV
2647,ADB
2648,BOD
2649,GOA
2650,BHD
2651,LPL
2652,BOJ
2655,BCN
2657,BER
2659,AOI
2662,BGY
2663,ARN
2664,ADB
2665,ATH
2667,AOI
2668,AGP
2669,BEG
2670,GOA
2671,GVA
2681,AER
2682,DRS
2683,ACE
2684,TSE
2686,JTR
2687,ALC
2688,BEG
2690,DSA
2691,AHO
2692,BRI
2693,BES
2696,BES
2697,FKB
2702,BCN
2703,DUS
2704,CPH
2706,BEG
2707,BEG
2708,AJA
2709,FDH
2710,BEG
2711,BEG
2714,SVX
2716,AOI
2721,BRN
2723,AHO
2724,CPH
2726,CWL
2727,BIO
2729,AJA
2733,BIA
2734,BDS
2739,ABZ
2740,BES
2743,BEG
2744,FMO
2745,CLJ
2746,BLQ
2748,KRK
2751,AYT
2753,DLM
2754,OUL
2756,AOI
2757,BTS
2758,BMA
2759,GLA
2766,ATH
2767,TLS
2772,CIY
2773,AOI
2776,LIN
2778,ABZ
2779,GLA
2780,FAO
2781,LCA
2782,BRS
2784,BEG
2785,DUB
2786,BIQ
2788,BVA
2792,KEF
2793,DBV
2794,BEG
2795,BEG
2799,ARN
2800,BEG
2802,CHQ
2803,AER
2804,AJA
2805,BCN
2809,BGO
2810,AER
2812,BEG
2814,AES
2817,AAL
2820,AGP
2821,DUB
2823,MAD
2824,BIO
2825,DME
2826,ABZ
2828,AER
2829,BEG
2830,ADA
2831,BGY
2832,CHQ
2833,BEG
2834,RHO
2835,IST
2837,HEL
2838,FMM
2841,BVA
2842,BEG
2843,AYT
2844,FRA
2845,AES
2849,CHQ
2852,BEG
2854,FKB
2858,CDG
2859,BRE
2863,BRN
2864,BIO
2865,EDI
2866,ALA
2867,BOD
2868,AHO
2872,FLR
2873,ALA
2874,ADA
2875,ACE
2876,ARN
2879,ANR
2881,AER
2882,BEG
2883,CIY
2884,AJA
2887,LCA
2888,DBV
2891,ALA
2892,BGO
2893,ARN
2894,BTS
2895,BEG
2896,BCN
2898,BVA
2899,BMA
2900,JTR
2903,KBP
2904,GVA
2905,PFO
2908,BEG
2909,EIN
2915,KIV
2916,BEG
2919,BEG
2921,BES
2922,ANR
2926,ADB
2927,AGP
2928,VAR
2929,BDS
2930,BEG
2931,BOD
2932,ATH
2933,CRL
2934,AAL
2935,LUX
2936,ATH
2937,CHQ
2939,DUB
2940,KUN
2943,BIO
2944,BEG
2946,ACE
2951,BOO
2952,BES
2954,CHQ
2957,ARN
2958,TFN
2959,ADA
2960,BEG
2962,AAR
2963,BEG
2964,KRK
2965,BEG
2966,OVB
2968,BEG
2970,CIY
2971,ALA
2972,BLL
2973,GLA
2974,CGN
2976,DSA
2977,FLR
2978,BRN
2979,BFS
2980,BEG
2981,AAR
2983,BHX
2984,BIQ
2985,BEG
2987,BRU
2990,BES
2992,CDG
2993,TMP
2995,AAL
2996,BES
3000,BHD
3001,BEG
3003,AMS
3005,SOU
3007,FMO
3008,BFS
3010,BER
3012,ALA
3015,BEG
3016,BEG
3017,GVA
3018,DUB
3019,OSL
3020,AGP
3023,CGN
3024,BRN
3025,AAR
3026,BRI
3027,HAU
3028,DLM
3032,AJA
3033,BEG
3034,BDS
3036,AHO
3037,AAR
3039,FSC
3043,BEG
3044,DBV
3045,CDG
3046,CRL
3047,AAL
3048,LYS
3050,DME
3053,INN
3054,JMK
3056,BEG
3057,BSL
3058,ACE
3062,AYT
3064,KBP
3065,AER
3066,KUN
3068,INN
3071,AOI
3073,BEG
3074,LUX
3075,BUD
3076,FCO
3080,AGP
3083,BHX
3087,AJA
3088,LCY
3089,BIO
3090,DEB
3092,FNC
3095,BCN
3102,NYO
3103,GRQ
3104,CAG
3105,BHX
3106,BEG
3107,BLQ
3108,CIA
3110,NOC
3113,CPH
3114,FMM
3116,AGP
3119,AGP
3120,ABZ
3121,GOA
3122,BEG
3123,BEG
3124,BEG
3127,ACE
3129,BCN
3130,CFU
3132,FMM
3133,ALC
3134,ALC
3135,ALA
3136,ALA
3138,FMM
3139,BEG
3141,INN
3143,DLM
3144,AHO
3145,AGP
3146,DUB
3148,AMS
3151,ANR
3154,AHO
3157,OST
3158,BUD
3161,AOI
3162,ARN
3163,DLM
3164,GOA
3165,BRI
3166,AYT
3167,CHQ
3168,BEG
3170,ATH
3172,BFS
3173,BEG
3174,ADB
3175,AES
3176,AES
3177,BEG
3180,BEG
3181,DUS
3182,ABZ
3183,AER
3184,BRI
3185,BRS
3187,CGN
3189,BCN
3190,CFU
3192,ACE
3193,RHO
3194,AGP
3196,HER
3197,AJA
3198,BOO
3199,ACE
3202,ALC
3203,AYT
3205,AGP
3208,ADB
3209,LBA
3210,BGO
3212,BEG
3214,BRE
3215,FSC
3217,BEG
3218,ADB
3219,IST
3222,BGY
3224,AMS
3225,AOI
3227,DSA
3228,BOO
3231,ADB
3232,AYT
3233,GOT
3234,DBV
3235,MLA
3237,BOJ
3238,TRF
3240,BES
3242,CDG
3243,BRN
3245,FAE
3246,ADA
3248,BRN
3249,FAO
3250,BLL
3252,BEG
3253,BEG
3254,BEG
3257,CDG
3258,BEG
3259,TSR
3261,AMS
3262,AER
3263,FCO
3265,AER
3267,BEG
3268,ARN
3270,BHD
3272,ALA
3273,AMS
3275,ANR
3276,BEG
3277,AJA
3279,ATH
3280,ADB
3281,AOI
3283,BSL
3284,AJA
3285,BEG
3286,BEG
3287,DSA
3288,ADB
3292,BIO
3294,BES
3295,ALA
3296,BEG
3297,GDN
3298,CRL
3300,BRI
3301,BEG
3302,BEG
3303,BHX
3305,CPH
3306,DEB
3309,KEF
3310,BHX
3311,BES
3312,AYT
3313,AES
3314,BHD
3315,LWO
3316,BRN
3317,CLJ
3318,DSA
3320,BEG
3321,BUD
3323,BLL
3324,EGC
3326,NCE
3327,DBV
3328,ESB
3329,BVA
3331,ADB
3332,GRO
3337,BEG
3338,BIQ
3339,BRN
3340,IEV
3343,BDS
3345,BUD
3347,CHQ
3349,BEG
3353,BEG
3358,BMA
3363,HHN
3368,KEF
3369,CAG
3370,ADB
3371,ABZ
3372,CDG
3373,ATH
3375,BEG
3377,BLL
3378,MSQ
3382,BHX
3383,AES
3384,BEG
3387,LCY
3392,AOI
3395,DRS
3398,CRL
3399,AAL
3403,ABZ
3406,BEG
3407,BEG
3408,BOD
3409,LUX
3412,SXB
3417,AJA
3418,INN
3419,BEG
3420,BEG
3422,BHX
3423,ADB
3426,CTA
3427,KRS
3428,KIV
3429,ADB
3431,AHO
3432,BEG
3433,BUD
3435,FMM
3436,AAL
3437,FLR
3439,CWL
3440,DLM
3442,OVD
3443,BER
3446,BLL
3451,CHQ
3454,GOT
3456,BSL
3464,BEG
3468,ACE
3469,FLR
3471,BRE
3473,AOI
3477,BMA
3478,IBZ
3479,FAE
3480,DUB
3481,CDG
3483,DBV
3484,ABZ
3485,BDS
3486,OTP
3487,BEG
3488,AAR
3491,AAR
3493,BIQ
3494,INI
3495,BGY
3496,BEG
3497,BRI
3498,AMS
3500,DUS
3504,BEG
3506,CAG
3507,AAR
3508,ZAD
3509,AGP
3511,EMA
3513,CRL
3516,AES
3517,CTA
3518,BEG
3521,BEG
3522,BIQ
3527,BJV
3529,AAL
3530,BEG
3531,KBP
3532,FMM
3533,ALA
3534,BHX
3536,EDI
3537,AES
3539,TFS
3540,LHR
3541,HAM
3542,BEG
3543,BIA
3544,BIA
3545,BTS
3549,BEG
3550,GLA
3552,BIO
3554,BEG
3557,BIA
3559,BRU
3561,BES
3563,BEG
3564,AAL
3567,BEG
3568,ALA
3570,REU
3571,ARN
3573,CIY
3574,AER
3575,IEV
3576,AGP
3577,HAU
3578,AAL
3579,FAO
3580,FRA
3582,BEG
3583,BRN
3584,KIV
3585,ABZ
3586,HAJ
3588,ALA
3589,IEV
3590,ACE
3591,BRS
3592,BRQ
3594,AAR
3596,BLL
3597,ARN
3598,BER
3600,ALC
3603,AMS
3605,AAR
3607,VLC
3609,BEG
3613,ADB
3616,AJA
3618,BEG
3619,BEG
3620,ARN
3621,GOT
3623,AAR
3624,ALC
3625,BEG
3626,CTA
3629,ESB
3631,BEG
3632,LPL
3633,BEG
3636,CFU
3637,BEG
3638,BEG
3639,OST
3640,BEG
3641,MPL
3642,GRZ
3644,BEG
3645,BEG
3646,HER
3650,FAO
3651,BEG
3652,BES
3653,AGP
3654,AOI
3656,BEG
3657,BCN
3658,BLL
3659,CRL
3660,CIA
3661,BES
3662,BRI
3664,CHQ
3667,ALA
3668,AES
3671,BIA
3672,AYT
3673,CPH
3676,AHO
3678,LNZ
3679,BHD
3682,BEG
3683,CIY
3686,DTM
3687,HER
3689,GYD
3690,AAR
3691,FMM
3692,ALC
3695,BIA
3697,IST
3698,BDS
3705,DLM
3707,LEI
3708,AHO
3709,LGG
3710,ADB
3713,CFU
3720,INI
3721,ADB
3722,ABZ
3723,AMS
3724,ALA
3725,ACE
3726,EGC
3727,AOI
3730,LTN
3731,ADA
3732,AHO
3733,AGP
3734,ADB
3736,OVB
3737,AER
3738,BGO
3740,DTM
3743,BVA
3744,BEG
3745,BEG
3747,AJA
3748,BCN
3749,INI
3750,HER
3752,AMS
3753,BGO
3754,FNC
3756,BEG
3758,BEG
3759,CHQ
3760,FSC
3761,BEG
3762,BEG
3763,DBV
3766,BEG
3769,BEG
3770,BRI
3771,AHO
3773,ANR
3775,BRS
3777,EVN
3778,BLL
3781,BER
3784,IEV
3785,BEG
3786,AAR
3787,BRI
3789,AHO
3790,DSA
3791,ACE
3792,AES
3794,AAR
3795,BHD
3796,AER
3797,BRQ
3798,BLL
3800,ANR
3801,BJV
3802,ARN
3804,ADA
3805,ACE
3806,ATH
3811,ANR
3813,DLM
3818,FMO
3819,BGY
3821,DTM
3822,BEG
3823,BLL
3824,AHO
3825,BEG
3827,BEG
3831,BHX
3832,BEG
3833,AGP
3834,BEG
3837,AGP
3838,AER
3839,NAP
3840,BEG
3841,FUE
3842,AAL
3843,EDI
3845,AMS
3847,AJA
3849,CLJ
3852,JER
3853,ABZ
3854,BEG
3856,AYT
3857,LEI
3861,BFS
3862,LCA
3863,BHD
3864,ADB
3865,BEG
3866,BEG
3868,BJV
3873,AER
3874,NYO
3875,GRQ
3876,BLQ
3877,AMS
3879,ARN
3880,AAL
3881,BEG
3882,BRU
3885,BEG
3886,ALC
3887,BRE
3891,DME
3893,AAL
3895,BFS
3896,BEG
3897,BEG
3901,MPL
3903,ADB
3904,BGY
3905,AAL
3906,BEG
3909,BEG
3910,ADA
3911,AOI
3912,BEG
3913,AOI
3915,CFU
3916,BEG
3917,BGY
3919,AES
3920,AHO
3921,BRU
3923,BLQ
3925,BEG
3926,AOI
3929,AGP
3932,KTW
3933,ACE
3935,BEG
3938,CGN
3939,BRQ
3940,AJA
3941,BEG
3943,AHO
3944,SAW
3945,ATH
3946,BEG
3948,ATH
3950,ADA
3951,BGY
3952,AJA
3953,TGD
3956,BEG
3958,ALC
3961,ABZ
3964,BFS
3965,DRS
3967,MSQ
3969,ALA
3971,FCO
3972,AAL
3974,BEG
3975,BEG
3976,ACE
3977,AMS
3980,BDS
3982,BEG
3983,AOI
3984,CGN
3985,SZG
3986,BEG
3987,AAL
3988,ADB
3994,HUY
3999,BEG
4000,BRI
4001,DTM
4002,FMO
4005,FMM
4006,BEG
4010,AHO
4012,KEF
4013,AER
4015,BLQ
4016,BGY
4017,BRU
4018,NAP
4019,BEG
4020,AES
4021,ADB
4022,KSC
4023,BOJ
4024,BRE
4025,CIA
4028,FLR
4034,ALA
4035,AES
4036,BEG
4037,BTS
4040,AHO
4041,ATH
4043,AER
4044,BEG
4045,INN
4046,BEG
4052,BGY
4057,AGP
4059,BEG
4064,BEG
4065,AMS
4066,WRO
4067,AOI
4069,AAL
4073,BEG
4074,CWL
4075,BEG
4076,MAH
4077,CAG
4078,BTS
4079,BES
4084,ADA
4085,PUY
4086,BMA
4087,FAE
4088,ABZ
4089,DRS
4091,BHX
4093,BDS
4094,ADA
4095,AYT
4096,ALA
4097,BEG
4099,DBV
4100,BEG
4101,BEG
4102,BIQ
4104,CRL
4107,ARN
4109,GRZ
4111,BEG
4112,EDI
4113,BHD
4114,BEG
4116,FAO
4117,ADB
4119,AOI
4120,AES
4121,BIQ
4122,BEG
4124,AHO
4125,PSR
4127,BEG
4128,FSC
4130,ALA
4131,AOI
4132,KBP
4136,CWL
4137,BOO
4138,PRG
4139,DME
4140,CIA
4141,BLQ
4142,NUE
4143,BIA
4144,CPH
4145,AAR
4146,CRL
4147,AES
4148,TXL
4150,BRS
4151,GOA
4154,CAG
4155,DUB
4156,AES
4157,KRK
4162,BIQ
4163,BDS
4164,BEG
4165,AER
4166,DUS
4168,BCN
4169,EGC
4170,MST
4171,AAL
4172,CIA
4173,BRE
4175,GYD
4176,DUS
4177,ADB
4178,EVN
4180,BDS
4181,GVA
4182,LUG
4184,BRU
4185,BJV
4188,BEG
4189,KEF
4195,AJA
4196,BIA
4197,AAL
4198,BIO
4200,AES
4202,LED
4204,BGY
4207,AGP
4209,HHN
4211,CGN
4213,BRS
4215,BEG
4216,ANR
4221,FCO
4226,AGP
4227,BIA
4229,BLQ
4230,ANR
4231,AHO
4233,OST
4234,BEG
4235,BEG
4237,BEG
4238,BOD
4239,BLQ
4240,ALA
4243,ATH
4244,ACE
4250,FAE
4252,FLR
4253,CTA
4254,DME
4256,BRI
4257,EXT
4259,ALA
4260,BIQ
4261,HAJ
4266,GDN
4267,INN
4268,BRI
4269,ALC
4273,AAL
4274,KGS
4276,SUF
4279,ACE
4281,BGY
4282,AES
4283,BRN
4284,AHO
4286,BEG
4287,ABZ
4288,MST
4290,ALA
4291,AER
4292,BEG
4293,FKB
4295,BHD
4296,ARN
4298,ADB
4299,FAE
4300,DUB
4301,BIA
4302,AGP
4304,ADB
4308,BSL
4310,ALA
4311,BDS
4312,ACE
4314,EVN
4315,BUD
4317,AGP
4318,OUL
4319,FMM
4320,AMS
4321,ADA
4323,BEG
4324,BRI
4326,BOO
4329,CWL
4330,LBA
4331,BMA
4333,BEG
4334,HER
4335,JER
4336,ATH
4337,AOI
4341,BEG
4342,RNS
4345,ALA
4347,ACE
4350,EGC
4353,AAR
4355,BEG
4358,BEG
4359,ANR
4360,BGY
4362,ADB
4364,ARN
4365,BLL
4369,BEG
4370,ACE
4371,JTR
4373,BEG
4376,SKP
4383,BMA
4385,KSC
4388,AJA
4390,BEG
4391,GRZ
4393,BRE
4395,BEG
4396,BEG
4400,AJA
4401,LCA
4404,BDS
4405,IST
4406,BIQ
4407,AMS
4408,FAO
4409,ADB
4411,PMI
4412,BRI
4413,LTN
4414,BEG
4415,ADA
4418,RTM
4421,BEG
4424,STR
4426,FAO
4427,BES
4431,BEG
4432,AAL
4433,GRZ
4435,AHO
4436,PRG
4438,GRZ
4439,AER
4441,EVN
4442,BEG
4445,ABZ
4447,STN
4448,ARN
4450,FLR
4451,BEG
4457,BOD
4458,BEG
4459,MST
4462,CFU
4466,LPL
4469,ADA
4470,CFU
4473,CTA
4474,ALA
4475,CDG
4476,ABZ
4477,DUB
4478,LIL
4479,AES
4480,BER
4482,BER
4486,BEG
4487,ALC
4488,AOI
4490,EGC
4492,BLQ
4497,ACE
4498,FSC
4499,BJV
4500,FDH
4502,BOJ
4503,CIY
4505,BDS
4510,ANR
4511,BGY
4516,BEG
4517,BRS
4518,LIS
4520,CIY
4521,PFO
4522,INI
4524,ABZ
4525,EIN
4527,BDS
4528,BRN
4529,GLA
4535,AHO
4536,CLJ
4537,BES
4538,AAL
4539,KRS
4541,BHD
4544,PMO
4546,CWL
4547,ADA
4548,AYT
4549,DSA
4550,BES
4553,ADB
4555,PRN
4557,CIY
4560,AJA
4563,HER
4568,BEG
4570,BEG
4571,ADA
4574,CTA
4576,BVA
4578,ANR
4579,BEG
4581,AOI
4583,BES
4584,LUG
4587,BEG
4588,BEG
4590,EVN
4592,CGN
4594,BCN
4595,BVA
4596,BEG
4597,CIA
4600,AES
4604,BEG
4605,AMS
4608,AOI
4611,INN
4615,CGN
4617,ATH
4618,ESB
4620,AYT
4621,AMS
4624,BHX
4627,ACE
4628,CIY
4629,BIA
4631,AYT
4632,FUE
4636,EXT
4637,BIA
4638,BIA
4639,BFS
4640,BRQ
4641,ADB
4643,AOI
4644,BER
4646,FNC
4647,FNC
4648,ABZ
4649,BCN
4650,CTA
4654,ADB
4655,ANR
4659,BCN
4660,BOD
4662,DEB
4663,STR
4665,AJA
4666,DSA
4667,AGP
4669,KRK
4670,BEG
4672,BEG
4673,ADA
4675,AGP
4677,ACE
4683,BEG
4685,BTS
4686,BEG
4687,BEG
4688,STN
4689,GOA
4694,ARN
4696,GLA
4697,AAR
4698,GRO
4699,AHO
4700,HAU
4701,GRZ
4702,AAR
4704,BEG
4706,BRE
4707,EGC
4708,EMA
4711,BEG
4712,BEG
4714,BEG
4717,BEG
4718,BFS
4719,AHO
4720,BEG
4721,AAL
4722,BRS
4723,BEG
4724,ARN
4727,BRI
4729,BEG
4730,BRI
4731,BMA
4732,BEG
4733,AER
4734,BEG
4735,ALC
4736,BEG
4737,LUG
4738,ABZ
4742,DBV
4743,CWL
4744,AES
4745,BLL
4746,GRO
4747,AES
4748,AJA
4749,LED
4751,ADA
4752,BOJ
4754,BSL
4756,ADB
4757,ACE
4759,ADA
4760,BOJ
4761,AES
4762,BEG
4764,CDG
4765,BRU
4766,BEG
4767,BMA
4768,BUD
4770,BEG
4771,FMM
4772,ADB
4773,FMO
4774,FMM
4775,BEG
4779,BEG
4781,BEG
4782,AHO
4783,AER
4785,LTN
4786,AES
4788,AER
4791,LEI
4792,AAR
4793,BGO
4794,AYT
4795,BRN
4798,AES
4799,EMA
4800,ALC
4801,AES
4803,BEG
4804,BEG
4805,ABZ
4808,FKB
4809,SVO
4812,AER
4813,BDS
4814,DEB
4815,MSQ
4816,ACE
4817,LPL
4822,BMA
4823,ANR
4824,CDG
4826,GRO
4827,AES
4829,AMS
4834,AAR
4837,AAR
4839,IBZ
4845,KRK
4846,AJA
4848,AMS
4850,ALA
4856,BEG
4857,BEG
4860,BRU
4861,BCN
4862,MLA
4863,BDS
4864,FLR
4868,AAL
4869,AJA
4871,AOI
4873,LYS
4874,BEG
4876,DUS
4877,BEG
4878,DBV
4880,DEB
4881,BIQ
4882,BEG
4883,ATH
4884,EVN
4885,HAM
4886,BMA
4887,BDS
4888,FAO
4890,ARN
4893,BDS
4903,GRO
4904,BEG
4906,BJV
4908,HAM
4911,ALA
4912,DTM
4915,ATH
4917,BEG
4918,BEG
4923,BEG
4925,AHO
4928,BEG
4930,ORY
4931,ACE
4934,BEG
4937,AMS
4938,BSL
4940,BEG
4941,ADB
4942,JER
4943,HER
4944,ALA
4946,AJA
4948,ZAZ
4951,HAJ
4952,AYT
4954,BEG
4957,BRS
4958,ANR
4960,KSC
4966,SNN
4968,AER
4970,BHD
4971,AYT
4972,DTM
4973,AJA
4974,AES
4976,BEG
4979,BFS
4980,AES
4981,BEG
4982,BIA
4983,BEG
4984,AGP
4986,NOC
4987,INN
4993,BDS
4994,ABZ
4996,BGO
4997,BVA
4998,ACE
4999,RVN
5004,FMO
5006,ACE
5007,GLA
5010,ZAZ
5011,HHN
5016,BRI
5017,BEG
5019,GOA
5020,ATH
5026,BEG
5029,KSC
5032,GLA
5034,BEG
5038,NUE
5040,ARN
5043,ALC
5045,VNO
5048,BEG
5051,ALC
5053,BIA
5054,AAL
5055,CFU
5057,FLR
5058,BEG
5059,BSL
5060,ABZ
5062,BHD
5063,AAR
5064,ALA
5066,BOJ
5068,BCN
5072,BRE
5073,FKB
5074,ADB
5075,ANR
5077,BTS
5078,BSL
5079,ADA
5080,BIO
5082,GOA
5083,FUE
5084,LIN
5085,BEG
5088,KSC
5089,BTS
5090,LIS
5094,TIA
5095,BIA
5097,AGP
5098,ATH
5099,AGP
5100,GVA
5101,CFU
5105,DLM
5106,KLU
5107,BEG
5108,BUD
5111,BEG
5112,BEG
5114,BEG
5116,CIY
5119,BDS
5121,ATH
5125,FAO
5127,BGO
5131,AYT
5132,ALC
5133,BOO
5134,SPC
5135,BCN
5136,DEB
5140,AHO
5141,DTM
5142,AHO
5143,BLL
5145,FAO
5146,DME
5148,PDL
5149,GRQ
5153,BOD
5155,BGY
5156,JER
5157,ADA
5158,DSA
5159,BEG
5160,LNZ
5163,BEG
5167,DTM
5170,KTW
5172,BEG
5173,KLU
5175,BOD
5176,ABZ
5178,BCN
5180,BOJ
5181,ANR
5182,BEG
5183,BIO
5184,AES
5186,BGO
5187,DEB
5188,BEG
5191,ALA
5192,AAL
5193,ACE
5195,BEG
5196,AGP
5197,BER
5198,CWL
5199,FAE
5200,FNC
5201,BMA
5202,EIN
5203,AJA
5205,BRU
5206,AYT
5209,DSA
5211,BEG
5212,AJA
5221,AAL
5223,GRZ
5227,BHD
5228,CAG
5230,BEG
5231,CIY
5233,LUX
5236,NYO
5237,ADA
5239,LEJ
5242,ATH
5243,BRS
5244,TFS
5245,BEG
5246,EMA
5247,FCO
5252,BLQ
5253,BRE
5254,BEG
5258,BEG
5259,AAR
5260,AMS
5261,BEG
5265,ORY
5266,CHQ
5267,IBZ
5269,FRA
5271,GOA
5272,BEG
5274,PFO
5275,BIQ
5277,ADA
5278,DTM
5279,BSL
5282,ABZ
5285,BEG
5286,BEG
5287,BOJ
5289,BEG
5293,BIA
5296,OVB
5297,BEG
5300,FLR
5301,BMA
5302,ACE
5304,BOD
5305,AGP
5308,BEG
5313,HER
5314,BEG
5315,ADA
5316,ADB
5318,BDS
5319,BEG
5321,BHX
5324,BEG
5325,ADB
5328,AAL
5329,ARN
5330,AHO
5333,ARN
5335,BEG
5336,CTA
5337,BLQ
5338,BEG
5339,BEG
5342,LED
5344,EDI
5345,AJA
5346,CTA
5347,BEG
5348,BJV
5349,NRN
5351,LPL
5354,ADA
5355,PUY
5356,ABZ
5358,BHD
5360,IST
5362,BRU
5364,AHO
5365,EMA
5368,AHO
5369,CTA
5371,BEG
5372,CWL
5373,AAL
5375,GOA
5376,FMM
5379,ABZ
5380,AGP
5382,FKB
5383,AMS
5384,DME
5385,ABZ
5386,BEG
5388,AHO
5389,BEG
5392,AAR
5393,DSA
5394,KLU
5396,BEG
5398,ATH
5399,PRG
5401,BEG
5403,BEG
5406,BEG
5407,ATH
5408,AMS
5409,ARN
5412,GYD
5414,GYD
5415,BEG
5418,BGY
5419,ACE
5421,BGO
5422,AMS
5425,CIA
5428,BFS
5429,ACE
5430,AHO
5431,CLJ
5434,BRI
5435,BEG
5436,CDG
5439,BSL
5441,ARN
5442,BRE
5445,BOJ
5448,CGN
5450,BEG
5451,BEG
5452,BTS
5453,OVB
5454,ARN
5457,AYT
5458,AYT
5459,ACE
5461,BOD
5464,LCA
5465,CGN
5469,NYO
5471,AAR
5473,ADA
5475,AAL
5476,BEG
5478,CFU
5479,CAG
5480,BEG
5481,AER
5482,IAS
5486,BER
5487,BEG
5488,FKB
5489,ALC
5490,TRF
5491,ATH
5494,ABZ
5496,DSA
5500,BEG
5501,AOI
5503,ANR
5504,LPL
5505,ATH
5506,CAG
5507,GVA
5509,EXT
5515,BEG
5516,BEG
5517,BER
5518,BVA
5523,LHR
5524,AMS
5526,ABZ
5528,BDS
5531,ARN
5532,AAL
5533,AOI
5535,GVA
5536,BLQ
5539,BEG
5541,BHD
5543,BEG
5545,OUL
5546,BHD
5550,BRQ
5551,AGP
5552,BLL
5554,BES
5555,CAG
5556,BEG
5558,FAE
5559,ADA
5560,EGC
5562,BEG
5565,BTS
5566,GOA
5568,ABZ
5569,AGP
5571,BEG
5572,KIV
5573,DEB
5576,BEG
5577,BVA
5578,BEG
5579,BEG
5580,BEG
5581,BFS
5583,MPL
5584,ANR
5586,BGY
5590,BGO
5592,CAG
5594,BEG
5598,BEG
5599,AAR
5600,LGG
5602,CGN
5603,BHD
5604,BER
5605,BOO
5606,AER
5607,ADB
5609,NOC
5611,FDH
5612,BEG
5614,VLC
5615,ATH
5616,BCN
5617,BLL
5618,BGY
5622,BEG
5623,AAL
5624,CIY
5625,DLM
5628,BCN
5629,DEB
5630,AJA
5633,BEG
5636,IEV
5637,BUD
5638,EVN
5639,ACE
5641,BEG
5644,AJA
5646,AES
5648,BEG
5649,BJV
5651,CAG
5652,KTW
5653,INN
5657,AAR
5658,CDG
5659,IAS
5660,EMA
5662,KGS
5663,BEG
5664,BGO
5666,BRE
5667,BRN
5668,CDG
5671,ABZ
5672,BEG
5673,BJV
5677,ADA
5678,BEG
5679,HHN
5680,BEG
5684,BEG
5685,ABZ
5687,DME
5688,AOI
5689,BDS
5692,BJV
5693,CTA
5695,BEG
5696,AJA
5697,JTR
5699,CWL
5701,BIQ
5702,ACE
5704,BEG
5708,EIN
5709,AES
5710,FUE
5712,BEG
5713,EIN
5714,KTW
5715,CDG
5716,BDS
5717,ACE
5718,BIO
5720,BRN
5721,BEG
5723,EIN
5724,EIN
5725,EIN
5727,BEG
5728,DRS
5729,BOJ
5730,CWL
5731,NCL
5732,DRS
5733,BDS
5735,AOI
5736,BEG
5737,CAG
5738,BEG
5739,BES
5740,FAE
5742,BGO
5743,BDS
5744,BCN
5748,BEG
5749,BHD
5750,BEG
5751,ALC
5752,BEG
5753,BEG
5757,DSA
5758,INI
5760,KRK
5764,AYT
5765,BEG
5767,ABZ
5768,CIY
5769,BEG
5770,BRQ
5771,ARN
5774,BEG
5775,BEG
5776,BEG
5780,AER
5781,GRQ
5783,BIO
5784,AER
5785,DSA
5786,BSL
5787,BDS
5788,BEG
5789,BEG
5790,AGP
5794,CAG
5797,BUD
5799,ANR
5800,ALC
5802,BLL
5804,BOD
5806,EIN
5807,ACE
5808,BEG
5811,BEG
5813,BVA
5815,ADA
5817,AES
5818,BUD
5821,BOO
5822,EVN
5823,LCY
5824,BEG
5825,EIN
5826,BEG
5830,CPH
5831,ATH
5832,EVN
5835,BEG
5836,AMS
5837,BEG
5840,ABZ
5841,BEG
5843,BEG
5844,BHD
5845,BIO
5847,CLJ
5848,ESB
5850,SAW
5853,BEG
5855,BEG
5856,BRE
5858,BOJ
5860,BEG
5862,AER
5865,GYD
5866,BEG
5867,BGY
5872,AOI
5873,CGN
5874,BEG
5877,BJV
5878,HEL
5879,CRL
5880,DLM
5881,BDS
5885,BRE
5886,ORY
5887,BHD
5888,BJV
5889,BEG
5890,AHO
5893,LYS
5895,BEG
5896,CDG
5897,KLU
5898,BOD
5899,BEG
5902,ARN
5904,KLU
5907,BRQ
5913,AMS
5917,BEG
5919,CDG
5921,IBZ
5923,FRA
5924,DLM
5926,EIN
5928,TFN
5929,ADB
5932,CHQ
5933,AHO
5935,BLL
5938,BUD
5944,ATH
5947,LBA
5949,BRI
5950,LCY
5951,BRS
5953,AJA
5964,LBA
5965,FLR
5966,AJA
5967,LGW
5970,AOI
5973,CFU
5976,ALC
5979,AAL
5982,AGP
5984,AHO
5985,CFU
5986,ACE
5987,BOD
5988,BEG
5989,ODS
5990,AMS
5991,CIA
5992,CWL
5993,BCN
5994,BEG
5996,BCN
5997,ADB
5998,FMO
6000,TKU
6001,CHQ
6002,BEG
6003,MMX
6004,CAG
6005,IST
6006,BEG
6007,CLJ
6011,AHO
6013,CGN
6014,SEN
6018,FSC
6019,DEB
6023,AGP
6025,MXP
6026,BLQ
6027,BRU
6028,MLA
6029,AER
6033,BEG
6034,BRN
6036,ADA
6039,LHR
6041,BJV
6043,BGY
6045,AJA
6046,AOI
6047,BRU
6048,ARN
6051,ARN
6052,KBP
6054,BER
6055,SNN
6059,BEG
6062,VAR
6063,BEG
6064,FSC
6066,EGC
6068,AGP
6070,BLL
6071,AOI
6072,KIR
6073,ALA
6075,TZX
6076,BHX
6077,FAE
6080,AMS
6081,ABZ
6086,AER
6087,DRS
6088,EGC
6089,BGY
6090,OUL
6091,BCN
6092,GRZ
6093,AER
6094,EDI
6098,BIO
6099,ACE
6102,AYT
6103,CAG
6105,ADA
6107,AOI
6109,BEG
6113,BEG
6114,BUD
6115,AAL
6116,AAR
6117,SAW
6127,GVA
6128,ACE
6132,BEG
6135,BER
6136,AER
6137,ALA
6138,DBV
6140,CTA
6141,CAG
6143,BOO
6144,DEB
6147,BEG
6154,ALC
6157,BIO
6159,PIK
6160,CIY
6161,FAO
6162,BEG
6165,AGP
6166,BRI
6169,BIA
6170,DRS
6171,ARN
6176,LIL
6177,ABZ
6179,BOO
6180,BRU
6182,FCO
6183,AAR
6186,AYT
6187,ABZ
6192,ACE
6193,BGO
6194,BTS
6200,FKB
6202,MLA
6203,AYT
6204,AHO
6205,BOO
6206,BRS
6207,KTW
6209,BEG
6210,AES
6214,AHO
6215,BRI
6219,ATH
6221,BEG
6225,FMM
6227,ARN
6228,BEG
6232,ABZ
6233,BIO
6234,BHD
6237,EVN
6238,BIA
6240,CRL
6242,BHX
6243,BER
6244,ADB
6246,BEG
6248,OST
6249,ALA
6250,CLJ
6251,BLL
6253,BES
6257,CDG
6258,BFS
6260,CGN
6263,DBV
6264,FMM
6265,AES
6266,ARN
6268,BRS
6269,ORY
6270,DLM
6271,AJA
6273,ADB
6277,BEG
6278,FSC
6279,PEG
6280,BEG
6281,GVA
6285,LIS
6287,ALA
6288,BER
6289,GLA
6290,AOI
6291,ALA
6295,AOI
6297,BEG
6300,AYT
6301,GOT
6305,EVN
6307,BEG
6309,BRU
6315,GYD
6316,ABZ
6318,CLJ
6320,AER
6321,CLJ
6323,IEV
6324,AYT
6329,BEG
6330,PAD
6331,FKB
6333,CIY
6335,ADA
6337,LPA
6338,BGO
6340,BEG
6343,BRQ
6344,HUY
6346,DLM
6347,AGP
6348,PFO
6351,CIA
6352,BEG
6353,AMS
6354,ADB
6355,BEG
6357,AOI
6358,AAR
6360,BUD
6362,MAD
6365,BOO
6366,FCO
6367,BCN
6368,AES
6369,ATH
6370,ALA
6371,CDG
6373,AAL
6376,CRL
6377,FDH
6378,ALC
6379,BEG
6380,MMX
6384,AAR
6385,BHD
6387,BCN
6388,ANR
6389,BEG
6390,HER
6391,LHR
6394,FCO
6395,BEG
6397,BEG
6399,BRI
6401,CTA
6403,BEG
6406,ATH
6407,BIA
6408,ADA
6409,DLM
6410,BEG
6412,DBV
6416,BEG
6419,BEG
6421,BEG
6425,AES
6426,KGS
6429,AAR
6430,LCY
6431,BOJ
6434,BEG
6435,ARN
6437,AOI
6438,MAD
6439,DSA
6440,AAL
6441,FLR
6445,AAL
6446,BEG
6448,FKB
6449,BEG
6452,KIV
6453,LHR
6455,BRQ
6456,ABZ
6457,ANR
6458,AJA
6462,AHO
6463,KGS
6464,BUD
6465,AAR
6466,AER
6467,BES
6468,BCN
6469,BSL
6471,AAL
6476,BLL
6479,AGP
6480,AES
6482,LIL
6484,KRS
6485,BDS
6486,AYT
6488,GOT
6489,BEG
6490,BEG
6491,ALA
6492,BEG
6493,BER
6494,DLM
6495,BLQ
6496,BRS
6498,ATH
6501,FRA
6502,BIQ
6504,BJV
6505,CHQ
6506,CHQ
6508,CWL
6509,FUE
6512,TRN
6514,GDN
6516,BEG
6517,BFS
6518,BES
6519,BUD
6520,BIA
6521,CRL
6522,AJA
6524,GRQ
6526,ACE
6532,BOJ
6533,BUD
6534,BCN
6535,BGY
6537,AJA
6539,CDG
6541,CDG
6542,LGW
6543,AES
6545,FDH
6546,BEG
6548,BEG
6551,BFS
6553,BIA
6555,BEG
6557,MAH
6559,CRL
6561,BHX
6563,JTR
6564,BIQ
6568,CFU
6569,AHO
6570,BSL
6571,AJA
6572,CIA
6576,BIQ
6578,BER
6579,FAE
6580,AHO
6581,CIA
6584,BRU
6585,AYT
6586,LBA
6587,BCN
6588,LEI
6589,AJA
6591,CIY
6592,PEG
6593,AAL
6594,BLQ
6595,BEG
6600,ALC
6601,IEV
6602,CGN
6603,ABZ
6605,BLL
6608,BLL
6609,BFS
6610,CHQ
6612,MST
6613,KIR
6614,ANR
6616,BMA
6617,ADA
6618,CPH
6620,OSL
6623,CFU
6625,BOJ
6626,BSL
6627,LIS
6629,BIA
6631,BER
6632,BEG
6633,POZ
6634,AMS
6637,ATH
6639,NUE
6645,KRK
6647,BRE
6650,ABZ
6651,CLJ
6652,ALA
6653,BIO
6655,BTS
6656,AHO
6657,BEG
6659,BEG
6660,BEG
6661,ADA
6662,ADB
6664,DUS
6665,ABZ
6670,ALC
6671,AJA
6674,BEG
6677,BOO
6678,ACE
6683,BIA
6684,CTA
6686,DTM
6687,EMA
6689,BEG
6690,GRZ
6692,ADA
6693,DLM
6698,BEG
6699,EIN
6701,AYT
6702,CGN
6703,ABZ
6704,IAS
6705,ARN
6706,ABZ
6708,BEG
6711,ABZ
6713,BRU
6714,ABZ
6715,GYD
6716,BUD
6717,BEG
6720,AMS
6723,DUB
6724,BHX
6725,BMA
6726,BEG
6730,BMA
6733,BEG
6734,BRS
6738,HER
6739,BEG
6741,DRS
6747,FMM
6748,ALC
6750,FMM
6751,BEG
6753,BEG
6754,MAH
6755,FUE
6756,BLL
6757,KBP
6759,BRS
6761,BEG
6764,SZG
6765,BEG
6766,AAL
6771,CWL
6774,BEG
6777,GRZ
6780,BES
6784,FNC
6785,TRD
6788,DUS
6792,AAR
6795,BCN
6797,HAU
6799,BOO
6801,BEG
6804,ARN
6806,MXP
6807,AAL
6808,GRZ
6809,AAR
6810,BRE
6811,BEG
6812,PAD
6813,ALA
6814,BGO
6815,BER
6816,AMS
6818,AAL
6824,AMS
6826,ALA
6827,CWL
6828,BEG
6831,IEV
6832,TLL
6833,BEG
6836,EDI
6837,BOO
6838,LIN
6842,BIA
6844,BOO
6846,CHQ
6847,KUN
6848,AER
6850,AER
6851,AJA
6853,CTA
6854,BEG
6856,HAM
6858,BEG
6861,ALA
6864,AAR
6865,CFU
6866,BCN
6867,ANR
6870,ESB
6872,INN
6873,NAP
6876,LNZ
6881,BEG
6883,DEB
6884,ESB
6885,BHD
6886,AES
6891,BEG
6892,IAS
6893,LCY
6894,BIO
6897,CHQ
6898,LPA
6900,BHD
6901,DUS
6903,STN
6905,BEG
6906,BEG
6907,BEG
6908,AES
6909,ATH
6910,AES
6911,CGN
6916,BRI
6917,IEV
6920,DME
6921,GYD
6922,FNC
6923,BJV
6925,DRS
6928,BRQ
6929,EIN
6931,MSQ
6937,AAL
6938,BOD
6939,AMS
6940,FAE
6941,BJV
6943,BCN
6944,BER
6946,CDG
6947,AYT
6949,BEG
6950,BMA
6951,VRN
6952,BEG
6953,EVN
6955,BDS
6961,EXT
6962,EDI
6964,BEG
6966,BIA
6967,AES
6971,LIN
6975,BVA
6979,BFS
6980,AAR
6982,CHQ
6983,AJA
6985,BEG
6987,BCN
6989,BCN
6991,AMS
6993,BRI
6994,BLQ
6995,BEG
6996,FMO
6998,OSL
6999,BEG
7001,BEG
7003,AHO
7004,GOT
7005,DME
7007,BGO
7009,EVN
7011,CIA
7013,AHO
7014,LEI
7015,GLA
7016,AJA
7017,FCO
7018,BEG
7019,BEG
7020,BOO
7022,BEG
7023,BEG
7027,PSR
7029,CIY
7030,AJA
7031,BHD
7035,BEG
7036,FUE
7037,AHO
7039,BEG
7040,FAE
7042,AGP
7043,MSQ
7046,BDS
7048,BOJ
7050,ANR
7053,BIO
7054,BFS
7055,ARN
7057,BHD
7059,BJV
7060,AJA
7063,DTM
7067,CIY
7068,ADB
7070,AAR
7072,FMM
7075,BGO
7078,BHD
7082,BIO
7083,EDI
7084,BES
7087,BEG
7089,BEG
7090,LIN
7091,BOO
7092,AYT
7094,BEG
7095,DRS
7096,BGY
7097,AMS
7098,DME
7100,CAG
7103,DTM
7106,AAL
7107,EVN
7108,LUG
7109,BFS
7111,DRS
7112,CHQ
7114,BCN
7118,BRS
7119,AAL
7120,ADA
7121,IBZ
7124,BEG
7127,BRU
7128,BES
7129,BOJ
7134,ACE
7135,BTS
7136,AAL
7138,BGY
7139,BEG
7140,BEG
7144,EDI
7148,ABZ
7152,AYT
7155,CDG
7157,CIY
7158,AOI
7159,HHN
7160,BFS
7162,HHN
7163,BHD
7166,AES
7170,ADB
7171,BEG
7172,AAR
7173,FAE
7174,CDG
7176,CRL
7177,BEG
7181,BOO
7182,AYT
7183,ATH
7184,BER
7186,SZG
7187,BRU
7189,ABZ
7191,ANR
7192,BEG
7195,ADA
7197,BES
7200,BCN
7201,RUN
7202,BEG
7205,BEG
7206,AYT
7207,KGS
7209,BGO
7211,GOT
7214,BFS
7220,BIO
7221,KRS
7223,BEG
7226,BUD
7228,ADA
7231,BRQ
7232,CRL
7233,ADB
7235,IST
7238,GRO
7241,INI
7243,ADB
7245,AAR
7246,CHQ
7250,LCA
7251,BTS
7255,BIQ
7256,AAL
7257,BHX
7258,AHO
7261,BLQ
7263,BEG
7264,ADB
7265,EIN
7267,BEG
7268,AAL
7274,BOO
7276,BJV
7280,ANR
7281,EMA
7285,BEG
7286,ADB
7288,AHO
7289,GOT
7291,BER
7292,ALC
7293,BEG
7294,HAJ
7297,BVA
7299,BEG
7301,DSA
7307,EGC
7308,LUG
7309,ADA
7310,ACE
7311,BEG
7313,ACE
7315,BUD
7316,SDR
7318,EMA
7319,TLL
7321,BRI
7324,ABZ
7325,CAG
7326,LPA
7327,CIY
7329,AES
7330,BER
7331,BEG
7334,ADA
7335,DLM
7337,LCA
7341,BGY
7342,CTA
7344,LED
7345,ATH
7346,FMM
7347,LIN
7351,BEG
7353,BEG
7358,BGY
7359,BMA
7360,BMA
7361,BEG
7362,ARN
7364,HEL
7365,LIS
7366,ALA
7367,TRF
7368,MSQ
7371,BES
7374,BCN
7376,ADA
7378,BEG
7381,ALA
7383,HAJ
7384,ACE
7386,AMS
7389,BHX
7390,CFU
7391,ALC
7393,BEG
7394,DRS
7396,ABZ
7399,BEG
7400,DTM
7404,AER
7405,BDS
7406,IEV
7407,AMS
7409,BEG
7410,BEG
7411,FMO
7413,BEG
7414,BLQ
7416,ANR
7417,BGY
7418,ATH
7419,IEV
7421,CTA
7422,HUY
7423,BEG
7424,BRU
7428,BEG
7429,BEG
7430,AJA
7435,BTS
7438,BHD
7440,AOI
7441,BEG
7442,BRN
7443,BGY
7444,KGS
7445,BER
7447,BRN
7448,GOA
7450,BSL
7452,SVO
7454,ABZ
7455,BEG
7456,AHO
7458,BEG
7459,HHN
7461,BIA
7462,ESB
7463,BLQ
7466,BGO
7467,ACE
7469,GOT
7471,BIA
7475,ARN
7476,CRL
7478,BEG
7480,GRZ
7481,BGO
7482,EDI
7484,KBP
7485,BES
7486,CWL
7487,INI
7491,BEG
7492,FNC
7494,BIQ
7495,EDI
7496,BHX
7498,HAU
7499,IST
7500,BEG
7507,NUE
7508,BMA
7509,ALA
7510,BER
7511,ADB
7514,BLQ
7515,AOI
7516,MUC
7517,BMA
7519,ORK
7522,PRG
7523,BEG
7524,BEG
7526,CLJ
7529,AMS
7530,BER
7532,BGO
7537,AAL
7538,TRD
7539,CAG
7540,BIO
7544,ODS
7545,BGO
7546,CPH
7547,AAR
7553,AGP
7555,GYD
7559,ATH
7561,KEF
7563,GRO
7565,SCQ
7568,ADB
7570,HHN
7571,SVG
7574,BEG
7578,AAL
7579,BHX
7582,OTP
7583,BEG
7586,BEG
7587,BIA
7588,AYT
7589,KRK
7592,LIL
7593,AAL
7595,BHX
7596,BDS
7597,AOI
7600,BEG
7602,CFU
7603,BES
7604,EMA
7605,ABZ
7606,AES
7610,MAN
7617,BOO
7619,AER
7622,ATH
7623,ALC
7624,BES
7625,AOI
7626,BEG
7627,BFS
7629,CLJ
7630,ACE
7632,BOD
7634,FSC
7635,BEG
7639,AAL
7640,BEG
7642,ARN
7643,EVN
7645,ADA
7647,BOJ
7649,BLL
7650,BEG
7651,BSL
7655,CRL
7657,DME
7658,BEG
7659,AMS
7661,ADA
7662,BOO
7664,CAG
7669,AHO
7670,BFS
7671,BEG
7672,AJA
7674,ABZ
7675,BEG
7676,BIO
7677,GRQ
7678,ARN
7679,EXT
7681,BRQ
7683,ABZ
7685,KRK
7686,CGN
7688,AGP
7689,BEG
7690,LGG
7691,AJA
7692,BGO
7693,HHN
7694,BLL
7696,ALA
7698,BES
7699,IAS
7701,CIY
7702,CWL
7703,AER
7704,MST
7705,ANR
7707,BRQ
7710,AER
7713,BGY
7714,ACE
7717,ALC
7719,AAR
7723,KGS
7724,BEG
7725,BOJ
7726,ABZ
7727,BEG
7728,BGO
7729,CRL
7730,ALA
7731,BVA
7732,AAR
7737,AOI
7738,ABZ
7739,ACE
7742,CFU
7743,BEG
7744,CRL
7746,ACE
7749,VRN
7751,BES
7752,ADB
7754,BEG
7760,AJA
7761,BRU
7762,AGP
7763,AER
7765,GRQ
7766,AER
7767,LGW
7769,BIA
7774,BGO
7776,ATH
7777,PFO
7780,GLA
7781,ANR
7785,ADA
7786,ATH
7787,EMA
7788,CFU
7790,MPL
7791,DSA
7792,MST
7793,BEG
7797,BEG
7799,BIQ
7800,BEG
7802,BEG
7804,BHD
7807,BGY
7808,CPH
7811,AER
7812,FLR
7815,BEG
7819,AOI
7820,BEG
7823,AHO
7824,BEG
7825,BEG
7826,ANR
7833,BEG
7835,BEG
7836,GVA
7837,MAH
7838,DLM
7840,BEG
7841,BIA
7842,BEG
7846,ALC
7847,BEG
7848,ACE
7850,AES
7852,AES
7855,SEN
7856,BLQ
7857,BUD
7858,AGP
7860,BEG
7861,DEB
7862,AMS
7863,BLQ
7864,INN
7865,ALA
7866,ABZ
7867,KIR
7868,FAO
7869,AES
7875,BEG
7876,BEG
7878,BGY
7879,BEG
7880,AJA
7881,ADA
7882,BIQ
7883,DBV
7884,CWL
7888,ALA
7892,BUD
7893,BRQ
7894,ACE
7896,HAJ
7898,GDN
7899,AAR
7900,AOI
7904,AGP
7905,BEG
7906,AOI
7907,BEG
7908,FCO
7911,FMO
7913,CFU
7916,BEG
7918,BLL
7922,ALC
7923,FLR
7926,BRQ
7927,KRS
7930,BEG
7933,TRD
7935,CIA
7936,ANR
7939,BEG
7940,BRS
7941,BEG
7942,BHD
7943,GYD
7944,AGP
7947,BSL
7949,BEG
7951,AHO
7952,DLM
7953,ADB
7955,LIL
7957,MSQ
7959,AER
7960,AOI
7962,BES
7963,ADA
7964,ATH
7965,BHX
7968,AHO
7969,HER
7970,ALC
7971,BEG
7972,ARN
7973,BEG
7977,BER
7978,FAO
7979,FLR
7981,RVN
7982,DME
7983,BOO
7984,BEG
7985,LYS
7987,ALA
7988,AGP
7989,OPO
7991,BFS
7992,DUS
7993,BES
7994,ADA
7995,BEG
7996,AAL
7997,CIA
7998,BEG
8000,AGP
8001,BEG
8003,BJV
8006,AGP
8007,BRE
8008,BRS
8010,BEG
8012,ESB
8014,BEG
8015,CFU
8016,ARN
8017,DEB
8019,BEG
8020,AJA
8021,OSL
8022,ADB
8023,KRS
8027,NTE
8029,IAS
8030,BCN
8034,AHO
8036,CFU
8037,BEG
8038,CRL
8040,BVA
8043,BEG
8044,BEG
8045,ACE
8046,BEG
8047,DUS
8048,CHQ
8051,BIA
8053,BLL
8054,BIQ
8055,NRN
8060,BEG
8061,CHQ
8062,AYT
8063,BEG
8065,CFU
8066,AOI
8067,AER
8068,AAL
8069,ACE
8071,ARN
8072,HEL
8073,BEG
8080,GOT
8081,AAL
8082,CDG
8083,BGO
8086,AHO
8087,BEG
8090,BIA
8091,FMM
8092,SPU
8095,AAL
8097,ANR
8100,HEL
8101,ADA
8103,AAR
8104,BEG
8105,CTA
8106,CFU
8108,AAL
8109,GRQ
8111,DUB
8118,CWL
8119,AGP
8122,IAS
8123,BIO
8124,CHQ
8126,BHX
8129,AGP
8130,BEG
8131,FLR
8132,CDG
8135,ANR
8136,BJV
8137,CFU
8138,ABZ
8141,BER
8142,SJJ
8143,BCN
8146,EMA
8148,INI
8152,KRS
8153,BUD
8154,FLR
8155,ADA
8156,BRS
8161,BDS
8162,DSA
8164,CGN
8166,DME
8167,ANR
8170,BIQ
8171,ABZ
8173,AGP
8174,AGP
8177,ARN
8178,ABZ
8181,BHX
8183,BRU
8185,ALA
8190,BRE
8192,GOA
8193,LYS
8194,BCN
8195,FCO
8196,BRQ
8197,ATH
8198,AAL
8199,AOI
8201,FAE
8203,BEG
8210,BEG
8211,BEG
8212,AOI
8213,BIO
8214,AJA
8217,AMS
8218,CTA
8219,ARN
8220,AYT
8223,ABZ
8225,BHX
8227,AHO
8228,ANR
8229,OVD
8230,ORK
8231,EVN
8233,FSC
8234,AGP
8235,BLQ
8236,AMS
8237,BEG
8238,PRN
8239,CIY
8241,AAR
8242,ADB
8247,CAG
8248,FRA
8250,BEG
8253,CTA
8254,BHX
8255,BHD
8257,ANR
8258,DME
8259,PMO
8260,AES
8262,AAL
8264,BEG
8265,BJV
8266,CGN
8268,BEG
8271,GOA
8273,SEN
8274,KBP
8276,DRS
8278,AOI
8280,ATH
8281,BEG
8282,BEG
8284,BRQ
8288,AJA
8289,AJA
8291,KEF
8293,CGN
8295,AGP
8296,ALC
8297,AAR
8301,BEG
8302,AAR
8303,BOD
8304,BEG
8306,BER
8307,BVA
8308,BLL
8309,AER
8319,LUX
8321,KUN
8322,BEG
8325,BEG
8326,HAJ
8327,BMA
8328,BEG
8330,BLQ
8331,BCN
8332,BEG
8333,BUD
8335,BOD
8336,LGW
8337,BHD
8339,ADA
8340,ADB
8341,AJA
8343,AAL
8344,CIY
8346,BRI
8347,NCE
8348,AAL
8350,FAE
8352,ACE
8353,LEJ
8356,BLL
8358,ALC
8361,BEG
8364,ALA
8366,KSC
8368,CRL
8370,CIA
8371,BEG
8372,INI
8373,DEB
8376,BEG
8380,DUB
8381,PEG
8382,PRG
8383,BGO
8385,SOF
8390,AGP
8393,BEG
8395,BEG
8396,BOD
8398,BJV
8399,AJA
8401,DRS
8404,AYT
8405,AYT
8406,ANR
8407,CIY
8409,AYT
8412,BGO
8413,FMM
8416,ATH
8417,BMA
8419,CIA
8421,BFS
8422,BHD
8423,BEG
8425,ABZ
8426,BEG
8427,CWL
8430,ALA
8431,BEG
8432,BRU
8434,BEG
8436,BEG
8437,AAR
8439,GRO
8440,HER
8445,BGO
8446,BLQ
8447,EGC
8449,AGP
8451,ALA
8456,BEG
8458,ADA
8459,KRK
8460,BUD
8462,DEB
8463,BDS
8467,AOI
8468,ABZ
8471,ANR
8474,BEG
8475,AES
8482,LJU
8485,AER
8486,AES
8487,BEG
8488,LGW
8489,ANR
8490,BIO
8492,AAL
8493,ARN
8494,BEG
8495,CGN
8496,BDS
8500,KBP
8501,BMA
8503,BDS
8504,BEG
8505,BEG
8507,IEV
8508,CDG
8509,AES
8511,BEG
8513,FNC
8515,AAR
8516,BEG
8517,BEG
8518,BLQ
8519,MMX
8520,BDS
8525,AOI
8526,AAL
8527,ADB
8529,DEB
8531,ADB
8536,AAL
8539,AGP
8540,BOJ
8541,ABZ
8543,ANR
8544,BEG
8546,HEL
8548,BEG
8550,PMI
8552,ALC
8553,CIY
8555,CTA
8557,BJV
8558,AYT
8559,CIA
8560,BEG
8561,GLA
8563,MRS
8566,BER
8567,BER
8570,KTW
8571,AAL
8572,EIN
8573,AYT
8574,ABZ
8575,BEG
8580,AJA
8581,BVA
8582,BIA
8584,GOA
8587,BOJ
8588,BRQ
8589,ACE
8593,HUY
8596,EVN
8597,BEG
8598,BCN
8601,INN
8609,AHO
8610,AES
8615,ABZ
8618,AAL
8619,ADA
8620,AGP
8622,BOO
8623,AGP
8624,ADB
8625,BEG
8626,ARN
8627,HUY
8629,ACE
8634,AMS
8635,FDH
8638,BEG
8640,BOD
8643,BFS
8644,BGO
8645,KBP
8648,BEG
8649,JTR
8651,AAL
8652,BCN
8656,ARN
8658,CLJ
8659,BRE
8660,CTA
8662,GLA
8664,ALC
8665,KIR
8668,BFS
8669,BIO
8670,BLL
8671,DEB
8673,AHO
8674,AJA
8677,FCO
8678,BEG
8679,AGP
8680,BEG
8681,BGY
8683,BEG
8684,AYT
8686,AES
8688,FMM
8689,KLU
8691,AAL
8692,BEG
8693,ATH
8694,GOA
8696,EGC
8697,FKB
8699,BRE
8700,BEG
8703,DEB
8707,BEG
8709,AJA
8710,GRZ
8711,KLU
8713,BES
8714,BRQ
8717,AHO
8718,FDH
8719,BIQ
8720,RVN
8722,CRL
8723,ADA
8724,BOO
8730,ALA
8732,JER
8734,SCQ
8735,BEG
8738,DTM
8740,DEB
8742,ANR
8743,BUD
8745,BEG
8746,CRL
8747,BEG
8749,CIY
8750,BEG
8754,AYT
8755,BRE
8757,BEG
8758,ANR
8759,BEG
8761,AAR
8765,CIA
8768,BHX
8770,DBV
8772,BRS
8774,FMM
8775,BEG
8778,ODS
8780,AOI
8781,OUL
8782,CHQ
8783,BIO
8784,ADB
8785,OVB
8786,NTE
8787,BEG
8788,ABZ
8789,EGC
8790,MMX
8791,AYT
8796,BES
8798,BEG
8801,AES
8802,FKB
8803,RVN
8805,BEG
8811,AAL
8814,AHO
8816,AAR
8818,ALA
8819,LIS
8821,ALA
8822,HHN
8823,AES
8824,ADA
8827,ABZ
8830,HEL
8833,BEG
8834,GOA
8835,BEG
8836,AJA
8838,ADA
8839,BSL
8843,BEG
8845,ODS
8847,ATH
8848,BEG
8850,BHX
8851,IBZ
8852,ARN
8855,BEG
8857,ADB
8860,CIA
8862,DUS
8863,ADB
8865,BFS
8868,BEG
8870,EGC
8871,BDS
8873,ACE
8875,BES
8876,BMA
8879,FAO
8880,BIO
8881,BLL
8882,DLM
8883,BIQ
8886,LIN
8888,CIY
8889,ABZ
8890,BES
8892,BCN
8893,AJA
8894,AOI
8896,BEG
8898,AOI
8902,CFU
8903,BRQ
8904,AJA
8905,ATH
8907,BTS
8909,BEG
8914,BGY
8916,BOD
8918,AER
8919,AAR
8921,ARN
8923,AGP
8924,CTA
8926,BIA
8928,FMO
8929,ARN
8930,KLU
8931,BEG
8933,FDH
8937,BLL
8939,AGP
8941,ALC
8942,ABZ
8944,CWL
8945,ADA
8946,BEG
8949,BEG
8950,AYT
8951,BEG
8955,GDN
8958,ACE
8961,KEF
8962,DRS
8963,EXT
8967,KEF
8968,BTS
8970,AER
8971,BEG
8972,BEG
8976,MMX
8977,ABZ
8978,OLB
8979,PAD
8980,BES
8983,BEG
8985,AAR
8986,BRS
8987,BEG
8989,BRE
8990,EVN
8991,BER
8993,NCL
8996,BEG
8998,BLL
9000,AGP
9001,BVA
9003,PRG
9006,AHO
9011,EMA
9012,BLQ
9013,BEG
9016,ANR
9017,MAN
9022,AAR
9023,BUD
9024,BLQ
9028,BLL
9029,LPA
9033,ATH
9034,AJA
9035,BHD
9036,AGP
9037,BEG
9038,ADB
9039,LGW
9040,BEG
9042,AAR
9043,BIO
9044,BRS
9045,ABZ
9046,FRA
9047,BEG
9048,BSL
9049,BEG
9052,LYS
9053,BCN
9059,AAR
9062,KBP
9063,BTS
9064,ALC
9065,CPH
9066,ALC
9070,ADB
9071,BIA
9074,AAL
9076,ADA
9077,KBP
9078,GVA
9079,BSL
9080,BRI
9083,BEG
9087,AGP
9088,BEG
9089,BEG
9094,GDN
9095,FMM
9097,BEG
9099,AAL
9103,BER
9104,AGP
9105,BEG
9106,BEG
9107,ATH
9108,ABZ
9110,AOI
9111,AAR
9112,AAR
9113,BSL
9114,AAR
9115,FCO
9117,DME
9118,BHX
9119,CTA
9120,BEG
9122,AGP
9124,KGS
9126,AGP
9128,AGP
9132,ABZ
9133,AER
9134,AMS
9135,BLQ
9139,AES
9141,BSL
9143,BEG
9144,BFS
9146,AES
9147,AAL
9148,FUE
9153,ALA
9155,CTA
9156,ALC
9157,TBS
9158,EIN
9159,LIS
9160,GLA
9161,FCO
9165,FDH
9166,ADA
9167,AJA
9168,BUD
9169,BJV
9170,GYD
9172,AGP
9173,BOO
9175,DME
9178,ARN
9180,AYT
9181,BOD
9182,BEG
9184,ARN
9186,GLA
9188,EVN
9189,GOA
9190,CIY
9191,BEG
9194,FLR
9195,BUD
9196,BIA
9197,CGN
9199,ACE
9200,BGO
9202,BOJ
9204,BEG
9207,BRN
9208,BSL
9209,AAL
9211,FUE
9212,JTR
9214,BSL
9218,BEG
9219,BGO
9222,RMU
9224,BEG
9227,ALA
9228,REU
9229,ALC
9230,BOJ
9231,SAW
9232,BDS
9233,FNC
9235,AHO
9236,ALC
9237,BEG
9239,ALC
9240,BEG
9242,FNC
9246,BIO
9250,AOI
9252,AOI
9253,ALC
9255,ATH
9257,GVA
9258,BEG
9259,ADB
9260,ABZ
9261,ALA
9262,ACE
9263,BEG
9264,BIQ
9265,AGP
9266,BCN
9269,BCN
9270,FCO
9272,ACE
9273,BER
9276,LUG
9278,AHO
9279,ADA
9281,BES
9282,ACE
9287,LUG
9288,AAL
9289,BEG
9290,AGP
9292,BEG
9293,BLL
9294,IEV
9297,BOJ
9299,INN
9301,BEG
9303,BEG
9305,ADB
9306,HUY
9307,GVA
9308,AOI
9311,HUY
9312,ACE
9313,AHO
9314,PEG
9315,BDS
9316,BRE
9318,AMS
9321,BGO
9322,AOI
9323,BEG
9324,AYT
9329,KIV
9330,BES
9334,GLA
9335,FCO
9336,AAL
9337,BEG
9339,BGO
9340,AOI
9344,LCA
9347,CLJ
9349,AMS
9350,SZG
9351,KGS
9352,AES
9354,FRA
9355,AOI
9356,ADB
9358,INN
9361,ALA
9364,ATH
9365,LEI
9367,AJA
9373,BEG
9374,BEG
9375,BOD
9376,BEG
9377,SAW
9379,IEV
9381,LED
9382,BEG
9383,ZAZ
9384,AGP
9385,BEG
9386,ABZ
9387,IST
9388,AOI
9389,BLL
9391,ABZ
9392,AOI
9394,HEL
9395,BEG
9396,BEG
9398,AGP
9400,PFO
9401,KGS
9402,BEG
9403,AAR
9404,FAO
9407,AYT
9412,BLQ
9413,BEG
9417,FAO
9419,TBS
9420,AGP
9421,BTS
9422,BRS
9423,EGC
9426,BRE
9427,AHO
9430,DEB
9433,AJA
9434,AER
9435,BEG
9436,BRI
9441,BJV
9443,EXT
9444,ACE
9445,ALA
9446,LEI
9448,BJV
9449,GOT
9453,DUB
9454,BEG
9455,BRI
9456,SPC
9457,BEG
9460,AES
9461,ANR
9463,BEG
9467,BEG
9469,AHO
9471,FAO
9473,ADB
9474,BEG
9475,ACE
9479,GLA
9480,BRQ
9482,CFU
9485,BJV
9487,BEG
9488,FKB
9489,HER
9490,BSL
9494,AAR
9495,AAR
9496,ANR
9498,BEG
9499,FMM
9502,BHX
9504,AES
9507,TZX
9508,GRQ
9509,BEG
9512,AAL
9516,DLM
9517,LPA
9518,BRE
9521,AHO
9524,CDG
9525,RTM
9526,BEG
9527,IBZ
9529,IEV
9530,FRA
9531,BEG
9532,AGP
9534,AAL
9535,LCA
9537,BJV
9539,AES
9540,IAS
9541,AYT
9543,AJA
9544,DSA
9547,AMS
9549,BHD
9550,ALC
9553,BEG
9554,BOO
9555,BEG
9558,LED
9561,GRZ
9562,BGY
9563,ACE
9567,AJA
9570,DBV
9571,BOJ
9572,BRE
9573,ABZ
9574,ANR
9575,GLA
9577,ALA
9578,BEG
9580,BEG
9581,CGN
9583,SKG
9585,VAA
9588,BGO
9589,BCN
9590,AER
9591,AHO
9592,ARN
9594,IBZ
9595,CIA
9596,CLJ
9597,DUB
9598,BER
9599,AGP
9600,BGY
9601,BEG
9602,BEG
9603,AAR
9606,EVN
9607,AER
9608,DSA
9612,AJA
9615,AES
9619,ALA
9620,BER
9623,BEG
9624,BOD
9625,CDG
9626,DSA
9630,BES
9631,FMO
9634,BFS
9639,CDG
9641,GRZ
9642,BGO
9646,GYD
9647,BEG
9648,AAL
9649,NTE
9650,BJV
9651,KGS
9652,ADB
9655,BEG
9656,BFS
9659,CTA
9663,KIR
9664,BIO
9669,DLM
9671,FLR
9673,BGY
9676,FAO
9677,DME
9678,BEG
9679,BEG
9680,BEG
9683,LED
9684,AMS
9685,CHQ
9686,AGP
9689,DUS
9690,BEG
9691,BEG
9692,BIQ
9693,EVN
9694,LUG
9695,BLQ
9696,BEG
9697,FSC
9700,SPC
9702,ANR
9703,ARN
9705,BEG
9706,AJA
9707,HHN
9708,CWL
9712,AHO
9713,BEG
9715,BOD
9716,ATH
9718,MPL
9720,LEJ
9723,ALA
9724,JMK
9726,BEG
9728,ABZ
9730,AMS
9733,DBV
9734,SPC
9735,BOO
9736,BEG
9739,BFS
9740,BUD
9741,MSQ
9746,BVA
9748,FSC
9750,BRE
9751,ALA
9752,BEG
9753,FAE
9754,BSL
9755,BEG
9759,EGC
9760,BEG
9764,DSA
9766,BSL
9769,BIQ
9770,BEG
9771,HEL
9773,BSL
9775,ADA
9776,TLS
9778,BEG
9779,BHD
9781,AOI
9782,BES
9783,ARN
9786,ADA
9788,BHX
9790,AYT
9791,BES
9793,CRL
9795,BLL
9797,BES
9799,ALC
9800,AJA
9806,BRQ
9807,BEG
9808,CWL
9813,BEG
9814,ABZ
9815,BRS
9818,BCN
9819,ATH
9821,BEG
9822,ODS
9823,FUE
9829,GDN
9830,BEG
9831,AMS
9834,BEG
9835,AHO
9837,AOI
9840,FAO
9842,BEG
9845,ANR
9846,BOJ
9847,FAO
9849,ADB
9850,BOD
9852,BEG
9853,AGP
9855,BEG
9857,KBP
9861,BEG
9862,EGC
9863,ABZ
9867,AMS
9868,ATH
9869,BIA
9870,DBV
9872,BEG
9873,BES
9875,BRS
9877,AAR
9880,AGP
9882,BIA
9886,CFU
9888,ADA
9890,BEG
9891,HUY
9892,AJA
9893,AAL
9894,GVA
9895,BOD
9896,DRS
9897,ALA
9898,CAG
9901,BLL
9902,ADA
9903,BOJ
9907,MXP
9908,BOJ
9909,AYT
9910,BGY
9911,AGP
9912,AMS
9913,EXT
9917,CIY
9918,BER
9920,BLQ
9921,BEG
9922,FAE
9924,BSL
9925,AES
9928,BEG
9933,EXT
9935,BEG
9936,BIQ
9938,DBV
9939,BOD
9940,DME
9943,JER
9945,SVO
9949,BIO
9950,AYT
9951,BTS
9953,ADA
9954,ABZ
9955,BIA
9957,BEG
9959,BES
9960,BEG
9961,GRQ
9962,BEG
9963,BVA
9965,DUB
9970,BDS
9972,BEG
9974,LGW
9975,CFU
9979,AGP
9981,FKB
9982,VRN
9983,ARN
9984,AER
9985,ALC
9986,BEG
9988,ANR
9989,AHO
9991,AAL
9992,BOD
9993,BEG
9997,BHX
9997,OPO
